cpse_id,source_code,raw_description,raw_unit,raw_spec,ingested_at,norm_desc,uom,category,item,moc,size_mm,pressure_class,schedule,end_connection,standard,canonical_desc,national_code,canonical_desc_final,key,true_canon_id
BPCL,BP-00001,BALL VALVE 15MM CS CL150 RF SS316 API6D,NOS,API 6D,2026-09-25 07:08:16.080561+00:00,BALL VALVE 15 MM CARBON STEEL CL150 RAISED FACE STAINLESS STEEL 316 API6D,EACH,VALVE,BALL VALVE,SS316,15.0,,,RF,,STAINLESS STEEL 316 BALL VALVE DN15 RF,VLV-BALLVALVE-SS316-DN15-CL150-00001-6,STAINLESS STEEL 316 BALL VALVE DN15 CL150 RF,BPCL|BP-00001,MAT0001
BPCL,BP-00002,BALL VALVE 25MM CS CL150 RF SS316 API6D,NOS,API 6D,2026-09-25 07:08:16.080561+00:00,BALL VALVE 25 MM CARBON STEEL CL150 RAISED FACE STAINLESS STEEL 316 API6D,EACH,VALVE,BALL VALVE,SS316,25.0,,,RF,,STAINLESS STEEL 316 BALL VALVE DN25 RF,VLV-BALLVALVE-SS316-DN15-CL150-00001-6,STAINLESS STEEL 316 BALL VALVE DN15 CL150 RF,BPCL|BP-00002,MAT0002
BPCL,BP-00003,BALL VALVE 50MM CS CL150 RF SS316 API6D,NOS,API 6D,2026-09-25 07:08:16.080561+00:00,BALL VALVE 50 MM CARBON STEEL CL150 RAISED FACE STAINLESS STEEL 316 API6D,EACH,VALVE,BALL VALVE,SS316,50.0,,,RF,,STAINLESS STEEL 316 BALL VALVE DN50 RF,VLV-BALLVALVE-SS316-DN15-CL150-00001-6,STAINLESS STEEL 316 BALL VALVE DN15 CL150 RF,BPCL|BP-00003,MAT0003
BPCL,BP-00004,BALL VALVE 80MM CS CL300 RF SS316 API6D,NOS,API 6D,2026-09-25 07:08:16.080561+00:00,BALL VALVE 80 MM CARBON STEEL CL300 RAISED FACE STAINLESS STEEL 316 API6D,EACH,VALVE,BALL VALVE,SS316,80.0,,,RF,,STAINLESS STEEL 316 BALL VALVE DN80 RF,VLV-BALLVALVE-SS316-DN15-CL150-00001-6,STAINLESS STEEL 316 BALL VALVE DN15 CL150 RF,BPCL|BP-00004,MAT0006
BPCL,BP-00005,BALL VALVE 100MM CS CL150 RF SS316 API6D,NOS,API 6D,2026-09-25 07:08:16.080561+00:00,BALL VALVE 100 MM CARBON STEEL CL150 RAISED FACE STAINLESS STEEL 316 API6D,EACH,VALVE,BALL VALVE,SS316,100.0,,,RF,,STAINLESS STEEL 316 BALL VALVE DN100 RF,VLV-BALLVALVE-SS316-DN15-CL150-00001-6,STAINLESS STEEL 316 BALL VALVE DN15 CL150 RF,BPCL|BP-00005,MAT0007
BPCL,BP-00006,BALL VALVE 100MM CS CL300 RF SS316 API6D,NOS,API 6D,2026-09-25 07:08:16.080561+00:00,BALL VALVE 100 MM CARBON STEEL CL300 RAISED FACE STAINLESS STEEL 316 API6D,EACH,VALVE,BALL VALVE,SS316,100.0,,,RF,,STAINLESS STEEL 316 BALL VALVE DN100 RF,VLV-BALLVALVE-SS316-DN15-CL150-00001-6,STAINLESS STEEL 316 BALL VALVE DN15 CL150 RF,BPCL|BP-00006,MAT0008
BPCL,BP-00007,BALL VALVE 150MM CS CL150 RF SS316 API6D,NOS,API 6D,2026-09-25 07:08:16.080561+00:00,BALL VALVE 150 MM CARBON STEEL CL150 RAISED FACE STAINLESS STEEL 316 API6D,EACH,VALVE,BALL VALVE,SS316,150.0,,,RF,,STAINLESS STEEL 316 BALL VALVE DN150 RF,VLV-BALLVALVE-SS316-DN15-CL150-00001-6,STAINLESS STEEL 316 BALL VALVE DN15 CL150 RF,BPCL|BP-00007,MAT0009
BPCL,BP-00008,BALL VALVE 200MM CS CL300 RF SS316 API6D,NOS,API 6D,2026-09-25 07:08:16.080561+00:00,BALL VALVE 200 MM CARBON STEEL CL300 RAISED FACE STAINLESS STEEL 316 API6D,EACH,VALVE,BALL VALVE,SS316,200.0,,,RF,,STAINLESS STEEL 316 BALL VALVE DN200 RF,VLV-BALLVALVE-SS316-DN15-CL150-00001-6,STAINLESS STEEL 316 BALL VALVE DN15 CL150 RF,BPCL|BP-00008,MAT0010
BPCL,BP-00009,BALL VALVE 50MM SS316 CL300 RTJ SS316 API6D,NOS,API 6D,2026-09-25 07:08:16.080561+00:00,BALL VALVE 50 MM STAINLESS STEEL 316 CL300 RING TYPE JOINT STAINLESS STEEL 316 API6D,EACH,VALVE,BALL VALVE,SS316,50.0,,,RTJ,,STAINLESS STEEL 316 BALL VALVE DN50 RTJ,VLV-BALLVALVE-SS316-DN15-CL150-00001-6,STAINLESS STEEL 316 BALL VALVE DN15 CL150 RF,BPCL|BP-00009,MAT0011
BPCL,BP-00010,BALL VALVE 80MM SS316 CL300 RTJ SS316 API6D,NOS,API 6D,2026-09-25 07:08:16.080561+00:00,BALL VALVE 80 MM STAINLESS STEEL 316 CL300 RING TYPE JOINT STAINLESS STEEL 316 API6D,EACH,VALVE,BALL VALVE,SS316,80.0,,,RTJ,,STAINLESS STEEL 316 BALL VALVE DN80 RTJ,VLV-BALLVALVE-SS316-DN15-CL150-00001-6,STAINLESS STEEL 316 BALL VALVE DN15 CL150 RF,BPCL|BP-00010,MAT0012
BPCL,BP-00011,BALL VALVE 100MM SS316 CL300 RTJ SS316 API6D,NOS,API 6D,2026-09-25 07:08:16.080561+00:00,BALL VALVE 100 MM STAINLESS STEEL 316 CL300 RING TYPE JOINT STAINLESS STEEL 316 API6D,EACH,VALVE,BALL VALVE,SS316,100.0,,,RTJ,,STAINLESS STEEL 316 BALL VALVE DN100 RTJ,VLV-BALLVALVE-SS316-DN15-CL150-00001-6,STAINLESS STEEL 316 BALL VALVE DN15 CL150 RF,BPCL|BP-00011,MAT0013
BPCL,BP-00012,BALL VALVE 150MM SS316 CL300 RTJ SS316 API6D,NOS,API 6D,2026-09-25 07:08:16.080561+00:00,BALL VALVE 150 MM STAINLESS STEEL 316 CL300 RING TYPE JOINT STAINLESS STEEL 316 API6D,EACH,VALVE,BALL VALVE,SS316,150.0,,,RTJ,,STAINLESS STEEL 316 BALL VALVE DN150 RTJ,VLV-BALLVALVE-SS316-DN15-CL150-00001-6,STAINLESS STEEL 316 BALL VALVE DN15 CL150 RF,BPCL|BP-00012,MAT0014
BPCL,BP-00013,BALL VALVE 200MM SS316 CL300 RTJ SS316 API6D,NOS,API 6D,2026-09-25 07:08:16.080561+00:00,BALL VALVE 200 MM STAINLESS STEEL 316 CL300 RING TYPE JOINT STAINLESS STEEL 316 API6D,EACH,VALVE,BALL VALVE,SS316,200.0,,,RTJ,,STAINLESS STEEL 316 BALL VALVE DN200 RTJ,VLV-BALLVALVE-SS316-DN15-CL150-00001-6,STAINLESS STEEL 316 BALL VALVE DN15 CL150 RF,BPCL|BP-00013,MAT0015
BPCL,BP-00014,GATE VALVE 50MM CS CL150 RF API600,NOS,API 600,2026-09-25 07:08:16.080561+00:00,GATE VALVE 50 MM CARBON STEEL CL150 RAISED FACE API600,EACH,VALVE,GATE VALVE,CS,50.0,,,RF,,CARBON STEEL GATE VALVE DN50 RF,VLV-BALLVALVE-SS316-DN15-CL150-00001-6,STAINLESS STEEL 316 BALL VALVE DN15 CL150 RF,BPCL|BP-00014,MAT0016
BPCL,BP-00015,GATE VALVE 80MM CS CL150 RF API600,NOS,API 600,2026-09-25 07:08:16.080561+00:00,GATE VALVE 80 MM CARBON STEEL CL150 RAISED FACE API600,EACH,VALVE,GATE VALVE,CS,80.0,,,RF,,CARBON STEEL GATE VALVE DN80 RF,VLV-BALLVALVE-SS316-DN15-CL150-00001-6,STAINLESS STEEL 316 BALL VALVE DN15 CL150 RF,BPCL|BP-00015,MAT0017
BPCL,BP-00016,GATE VALVE 100MM CS CL150 RF API600,NOS,API 600,2026-09-25 07:08:16.080561+00:00,GATE VALVE 100 MM CARBON STEEL CL150 RAISED FACE API600,EACH,VALVE,GATE VALVE,CS,100.0,,,RF,,CARBON STEEL GATE VALVE DN100 RF,VLV-BALLVALVE-SS316-DN15-CL150-00001-6,STAINLESS STEEL 316 BALL VALVE DN15 CL150 RF,BPCL|BP-00016,MAT0018
BPCL,BP-00017,GATE VALVE 150MM CS CL150 RF API600,NOS,API 600,2026-09-25 07:08:16.080561+00:00,GATE VALVE 150 MM CARBON STEEL CL150 RAISED FACE API600,EACH,VALVE,GATE VALVE,CS,150.0,,,RF,,CARBON STEEL GATE VALVE DN150 RF,VLV-BALLVALVE-SS316-DN15-CL150-00001-6,STAINLESS STEEL 316 BALL VALVE DN15 CL150 RF,BPCL|BP-00017,MAT0019
BPCL,BP-00018,GATE VALVE 80MM SS316 CL300 RTJ API600  ,,API 600,2026-09-25 07:08:16.080561+00:00,GATE VALVE 80 MM STAINLESS STEEL 316 CL300 RING TYPE JOINT API600,EACH,VALVE,GATE VALVE,SS316,80.0,,,RTJ,,STAINLESS STEEL 316 GATE VALVE DN80 RTJ,VLV-BALLVALVE-SS316-DN15-CL150-00001-6,STAINLESS STEEL 316 BALL VALVE DN15 CL150 RF,BPCL|BP-00018,MAT0022
BPCL,BP-00019,GATE VALVE 100MM SS316 CL300 RTJ API600,NOS,API 600,2026-09-25 07:08:16.080561+00:00,GATE VALVE 100 MM STAINLESS STEEL 316 CL300 RING TYPE JOINT API600,EACH,VALVE,GATE VALVE,SS316,100.0,,,RTJ,,STAINLESS STEEL 316 GATE VALVE DN100 RTJ,VLV-BALLVALVE-SS316-DN15-CL150-00001-6,STAINLESS STEEL 316 BALL VALVE DN15 CL150 RF,BPCL|BP-00019,MAT0023
BPCL,BP-00020,GATE VALVE 150MM SS316 CL300 RTJ API600,NOS,API 600,2026-09-25 07:08:16.080561+00:00,GATE VALVE 150 MM STAINLESS STEEL 316 CL300 RING TYPE JOINT API600,EACH,VALVE,GATE VALVE,SS316,150.0,,,RTJ,,STAINLESS STEEL 316 GATE VALVE DN150 RTJ,VLV-BALLVALVE-SS316-DN15-CL150-00001-6,STAINLESS STEEL 316 BALL VALVE DN15 CL150 RF,BPCL|BP-00020,MAT0024
BPCL,BP-00021,GLOBE VALVE 80MM CS CL150 RF API623,NOS,API 623,2026-09-25 07:08:16.080561+00:00,GLOBE VALVE 80 MM CARBON STEEL CL150 RAISED FACE API623,EACH,VALVE,GLOBE VALVE,CS,80.0,,,RF,,CARBON STEEL GLOBE VALVE DN80 RF,VLV-BALLVALVE-SS316-DN15-CL150-00001-6,STAINLESS STEEL 316 BALL VALVE DN15 CL150 RF,BPCL|BP-00021,MAT0026
BPCL,BP-00022,GLOBE VALVE 100MM CS CL150 RF API623,NOS,API 623,2026-09-25 07:08:16.080561+00:00,GLOBE VALVE 100 MM CARBON STEEL CL150 RAISED FACE API623,EACH,VALVE,GLOBE VALVE,CS,100.0,,,RF,,CARBON STEEL GLOBE VALVE DN100 RF,VLV-BALLVALVE-SS316-DN15-CL150-00001-6,STAINLESS STEEL 316 BALL VALVE DN15 CL150 RF,BPCL|BP-00022,MAT0027
BPCL,BP-00023,GLOBE VALVE 50MM SS316 CL300 RTJ API623,NOS,API 623,2026-09-25 07:08:16.080561+00:00,GLOBE VALVE 50 MM STAINLESS STEEL 316 CL300 RING TYPE JOINT API623,EACH,VALVE,GLOBE VALVE,SS316,50.0,,,RTJ,,STAINLESS STEEL 316 GLOBE VALVE DN50 RTJ,VLV-BALLVALVE-SS316-DN15-CL150-00001-6,STAINLESS STEEL 316 BALL VALVE DN15 CL150 RF,BPCL|BP-00023,MAT0028
BPCL,BP-00024,GLOBE VALVE 80MM SS316 CL300 RTJ API623,NOS,API 623,2026-09-25 07:08:16.080561+00:00,GLOBE VALVE 80 MM STAINLESS STEEL 316 CL300 RING TYPE JOINT API623,EACH,VALVE,GLOBE VALVE,SS316,80.0,,,RTJ,,STAINLESS STEEL 316 GLOBE VALVE DN80 RTJ,VLV-BALLVALVE-SS316-DN15-CL150-00001-6,STAINLESS STEEL 316 BALL VALVE DN15 CL150 RF,BPCL|BP-00024,MAT0029
BPCL,BP-00025,CHECK VALVE 80MM ALY20 CL600 BW API594,NOS,API 594,2026-09-25 07:08:16.080561+00:00,CHECK VALVE 80 MM ALY20 CL600 BUTT WELD API594,EACH,VALVE,CHECK VALVE,ALLOY20,80.0,,,BW,,ALLOY 20 CHECK VALVE DN80 BW,VLV-BALLVALVE-SS316-DN15-CL150-00001-6,STAINLESS STEEL 316 BALL VALVE DN15 CL150 RF,BPCL|BP-00025,MAT0030
BPCL,BP-00026,CHECK VALVE 100MM ALY20 CL600 BW API594,NOS,API 594,2026-09-25 07:08:16.080561+00:00,CHECK VALVE 100 MM ALY20 CL600 BUTT WELD API594,EACH,VALVE,CHECK VALVE,ALLOY20,100.0,,,BW,,ALLOY 20 CHECK VALVE DN100 BW,VLV-BALLVALVE-SS316-DN15-CL150-00001-6,STAINLESS STEEL 316 BALL VALVE DN15 CL150 RF,BPCL|BP-00026,MAT0031
BPCL,BP-00027,CHECK VALVE 200MM ALY20 CL600 BW API594,NOS,API 594,2026-09-25 07:08:16.080561+00:00,CHECK VALVE 200 MM ALY20 CL600 BUTT WELD API594,EACH,VALVE,CHECK VALVE,ALLOY20,200.0,,,BW,,ALLOY 20 CHECK VALVE DN200 BW,VLV-BALLVALVE-SS316-DN15-CL150-00001-6,STAINLESS STEEL 316 BALL VALVE DN15 CL150 RF,BPCL|BP-00027,MAT0033
BPCL,BP-00028,BUTTERFLY VALVE 80MM CI CL150 WAFER API609,NOS,API 609,2026-09-25 07:08:16.080561+00:00,BUTTERFLY VALVE 80 MM CAST IRON CL150 WAFER API609,EACH,VALVE,BUTTERFLY,CI,80.0,,,WAFER,,CAST IRON BUTTERFLY DN80 WAFER,VLV-BALLVALVE-SS316-DN15-CL150-00001-6,STAINLESS STEEL 316 BALL VALVE DN15 CL150 RF,BPCL|BP-00028,MAT0034
BPCL,BP-00029,BUTTERFLY VALVE 100MM CI CL150 WAFER API609,NOS,API 609,2026-09-25 07:08:16.080561+00:00,BUTTERFLY VALVE 100 MM CAST IRON CL150 WAFER API609,EACH,VALVE,BUTTERFLY,CI,100.0,,,WAFER,,CAST IRON BUTTERFLY DN100 WAFER,VLV-BALLVALVE-SS316-DN15-CL150-00001-6,STAINLESS STEEL 316 BALL VALVE DN15 CL150 RF,BPCL|BP-00029,MAT0035
BPCL,BP-00030,BUTTERFLY VALVE 150MM CI CL150 WAFER API609,NOS,API 609,2026-09-25 07:08:16.080561+00:00,BUTTERFLY VALVE 150 MM CAST IRON CL150 WAFER API609,EACH,VALVE,BUTTERFLY,CI,150.0,,,WAFER,,CAST IRON BUTTERFLY DN150 WAFER,VLV-BALLVALVE-SS316-DN15-CL150-00001-6,STAINLESS STEEL 316 BALL VALVE DN15 CL150 RF,BPCL|BP-00030,MAT0036
BPCL,BP-00031,BUTTERFLY VALVE 200MM CI CL150 WAFER API609,NOS,API 609,2026-09-25 07:08:16.080561+00:00,BUTTERFLY VALVE 200 MM CAST IRON CL150 WAFER API609,EACH,VALVE,BUTTERFLY,CI,200.0,,,WAFER,,CAST IRON BUTTERFLY DN200 WAFER,VLV-BALLVALVE-SS316-DN15-CL150-00001-6,STAINLESS STEEL 316 BALL VALVE DN15 CL150 RF,BPCL|BP-00031,MAT0037
BPCL,BP-00032,BUTTERFLY VALVE 250MM CI CL150 WAFER API609,NOS,API 609,2026-09-25 07:08:16.080561+00:00,BUTTERFLY VALVE 250 MM CAST IRON CL150 WAFER API609,EACH,VALVE,BUTTERFLY,CI,250.0,,,WAFER,,CAST IRON BUTTERFLY DN250 WAFER,VLV-BALLVALVE-SS316-DN15-CL150-00001-6,STAINLESS STEEL 316 BALL VALVE DN15 CL150 RF,BPCL|BP-00032,MAT0038
BPCL,BP-00033,BUTTERFLY VALVE 300MM CI CL150 WAFER API609,NOS,API 609,2026-09-25 07:08:16.080561+00:00,BUTTERFLY VALVE 300 MM CAST IRON CL150 WAFER API609,EACH,VALVE,BUTTERFLY,CI,300.0,,,WAFER,,CAST IRON BUTTERFLY DN300 WAFER,VLV-BALLVALVE-SS316-DN15-CL150-00001-6,STAINLESS STEEL 316 BALL VALVE DN15 CL150 RF,BPCL|BP-00033,MAT0039
BPCL,BP-00034,CHECK VALVE 50MM CS CL150 RF API594,NOS,API 594,2026-09-25 07:08:16.080561+00:00,CHECK VALVE 50 MM CARBON STEEL CL150 RAISED FACE API594,EACH,VALVE,CHECK VALVE,CS,50.0,,,RF,,CARBON STEEL CHECK VALVE DN50 RF,VLV-BALLVALVE-SS316-DN15-CL150-00001-6,STAINLESS STEEL 316 BALL VALVE DN15 CL150 RF,BPCL|BP-00034,MAT0040
BPCL,BP-00035,CHECK VALVE 80MM CS CL150 RF API594,NOS,API 594,2026-09-25 07:08:16.080561+00:00,CHECK VALVE 80 MM CARBON STEEL CL150 RAISED FACE API594,EACH,VALVE,CHECK VALVE,CS,80.0,,,RF,,CARBON STEEL CHECK VALVE DN80 RF,VLV-BALLVALVE-SS316-DN15-CL150-00001-6,STAINLESS STEEL 316 BALL VALVE DN15 CL150 RF,BPCL|BP-00035,MAT0041
BPCL,BP-00036,CHECK VALVE 100MM CS CL150 RF API594,NOS,API 594,2026-09-25 07:08:16.080561+00:00,CHECK VALVE 100 MM CARBON STEEL CL150 RAISED FACE API594,EACH,VALVE,CHECK VALVE,CS,100.0,,,RF,,CARBON STEEL CHECK VALVE DN100 RF,VLV-BALLVALVE-SS316-DN15-CL150-00001-6,STAINLESS STEEL 316 BALL VALVE DN15 CL150 RF,BPCL|BP-00036,MAT0042
BPCL,BP-00037,SEAMLESS PIPE 50MM CS SCH40 ASTMA106GRB,NOS,ASTM A106 GR B,2026-09-25 07:08:16.080561+00:00,SEAMLESS PIPE 50 MM CARBON STEEL SCH40 ASTMA106GRB,EACH,PIPE,PIPE,CS,50.0,,40,UNKNOWN,,CARBON STEEL PIPE DN50 SCH40,VLV-BALLVALVE-SS316-DN15-CL150-00001-6,STAINLESS STEEL 316 BALL VALVE DN15 CL150 RF,BPCL|BP-00037,MAT0043
BPCL,BP-00038,SEAMLESS PIPE 80MM CS SCH40 ASTMA106GRB,NOS,ASTM A106 GR B,2026-09-25 07:08:16.080561+00:00,SEAMLESS PIPE 80 MM CARBON STEEL SCH40 ASTMA106GRB,EACH,PIPE,PIPE,CS,80.0,,40,UNKNOWN,,CARBON STEEL PIPE DN80 SCH40,VLV-BALLVALVE-SS316-DN15-CL150-00001-6,STAINLESS STEEL 316 BALL VALVE DN15 CL150 RF,BPCL|BP-00038,MAT0044
BPCL,BP-00039,SEAMLESS PIPE 150MM CS SCH40 ASTMA106GRB,NOS,ASTM A106 GR B,2026-09-25 07:08:16.080561+00:00,SEAMLESS PIPE 150 MM CARBON STEEL SCH40 ASTMA106GRB,EACH,PIPE,PIPE,CS,150.0,,40,UNKNOWN,,CARBON STEEL PIPE DN150 SCH40,VLV-BALLVALVE-SS316-DN15-CL150-00001-6,STAINLESS STEEL 316 BALL VALVE DN15 CL150 RF,BPCL|BP-00039,MAT0046
BPCL,BP-00040,SEAMLESS PIPE 200MM CS SCH40 ASTMA106GRB,NOS,ASTM A106 GR B,2026-09-25 07:08:16.080561+00:00,SEAMLESS PIPE 200 MM CARBON STEEL SCH40 ASTMA106GRB,EACH,PIPE,PIPE,CS,200.0,,40,UNKNOWN,,CARBON STEEL PIPE DN200 SCH40,VLV-BALLVALVE-SS316-DN15-CL150-00001-6,STAINLESS STEEL 316 BALL VALVE DN15 CL150 RF,BPCL|BP-00040,MAT0047
BPCL,BP-00041,SEAMLESS PIPE 250MM CS SCH40 ASTMA106GRB,nos,ASTM A106 GR B,2026-09-25 07:08:16.080561+00:00,SEAMLESS PIPE 250 MM CARBON STEEL SCH40 ASTMA106GRB,EACH,PIPE,PIPE,CS,250.0,,40,UNKNOWN,,CARBON STEEL PIPE DN250 SCH40,VLV-BALLVALVE-SS316-DN15-CL150-00001-6,STAINLESS STEEL 316 BALL VALVE DN15 CL150 RF,BPCL|BP-00041,MAT0048
BPCL,BP-00042,SEAMLESS PIPE 300MM CS SCH40 ASTMA106GRB,NOS,ASTM A106 GR B,2026-09-25 07:08:16.080561+00:00,SEAMLESS PIPE 300 MM CARBON STEEL SCH40 ASTMA106GRB,EACH,PIPE,PIPE,CS,300.0,,40,UNKNOWN,,CARBON STEEL PIPE DN300 SCH40,VLV-BALLVALVE-SS316-DN15-CL150-00001-6,STAINLESS STEEL 316 BALL VALVE DN15 CL150 RF,BPCL|BP-00042,MAT0049
BPCL,BP-00043,SEAMLESS PIPE 25MM SS304 SCH80 ASTMA312TP304L  ,NOS,ASTM A312 TP304L,2026-09-25 07:08:16.080561+00:00,SEAMLESS PIPE 25 MM STAINLESS STEEL 304 SCH80 ASTMA312TP304L,EACH,PIPE,PIPE,SS304,25.0,,80,UNKNOWN,,STAINLESS STEEL 304 PIPE DN25 SCH80,VLV-BALLVALVE-SS316-DN15-CL150-00001-6,STAINLESS STEEL 316 BALL VALVE DN15 CL150 RF,BPCL|BP-00043,MAT0050
BPCL,BP-00044,SEAMLESS PIPE 80MM SS304 SCH80 ASTMA312TP304L,NOS,ASTM A312 TP304L,2026-09-25 07:08:16.080561+00:00,SEAMLESS PIPE 80 MM STAINLESS STEEL 304 SCH80 ASTMA312TP304L,EACH,PIPE,PIPE,SS304,80.0,,80,UNKNOWN,,STAINLESS STEEL 304 PIPE DN80 SCH80,VLV-BALLVALVE-SS316-DN15-CL150-00001-6,STAINLESS STEEL 316 BALL VALVE DN15 CL150 RF,BPCL|BP-00044,MAT0052
BPCL,BP-00045,SEAMLESS PIPE 100MM SS304 SCH80 ASTMA312TP304L,NOS,ASTM A312 TP304L,2026-09-25 07:08:16.080561+00:00,SEAMLESS PIPE 100 MM STAINLESS STEEL 304 SCH80 ASTMA312TP304L,EACH,PIPE,PIPE,SS304,100.0,,80,UNKNOWN,,STAINLESS STEEL 304 PIPE DN100 SCH80,VLV-BALLVALVE-SS316-DN15-CL150-00001-6,STAINLESS STEEL 316 BALL VALVE DN15 CL150 RF,BPCL|BP-00045,MAT0053
BPCL,BP-00046,SEAMLESS PIPE 150MM SS304 SCH80 ASTMA312TP304L,NOS,ASTM A312 TP304L,2026-09-25 07:08:16.080561+00:00,SEAMLESS PIPE 150 MM STAINLESS STEEL 304 SCH80 ASTMA312TP304L,EACH,PIPE,PIPE,SS304,150.0,,80,UNKNOWN,,STAINLESS STEEL 304 PIPE DN150 SCH80,VLV-BALLVALVE-SS316-DN15-CL150-00001-6,STAINLESS STEEL 316 BALL VALVE DN15 CL150 RF,BPCL|BP-00046,MAT0054
BPCL,BP-00047,WELDED PIPE 250MM SS304 SCH80 ASTMA312TP304L  ,NOS,ASTM A312 TP304L,2026-09-25 07:08:16.080561+00:00,WELDED PIPE 250 MM STAINLESS STEEL 304 SCH80 ASTMA312TP304L,EACH,PIPE,PIPE,SS304,250.0,,80,UNKNOWN,,STAINLESS STEEL 304 PIPE DN250 SCH80,VLV-BALLVALVE-SS316-DN15-CL150-00001-6,STAINLESS STEEL 316 BALL VALVE DN15 CL150 RF,BPCL|BP-00047,MAT0055
BPCL,BP-00048,WELDED PIPE 300MM SS304 SCH80 ASTMA312TP304L,NOS,ASTM A312 TP304L,2026-09-25 07:08:16.080561+00:00,WELDED PIPE 300 MM STAINLESS STEEL 304 SCH80 ASTMA312TP304L,EACH,PIPE,PIPE,SS304,300.0,,80,UNKNOWN,,STAINLESS STEEL 304 PIPE DN300 SCH80,VLV-BALLVALVE-SS316-DN15-CL150-00001-6,STAINLESS STEEL 316 BALL VALVE DN15 CL150 RF,BPCL|BP-00048,MAT0056
BPCL,BP-00049,WELD NECK FLANGE 50MM CS CL150 RF ASTMA105,NOS,ASTM A105,2026-09-25 07:08:16.080561+00:00,WELD NECK FLANGE 50 MM CARBON STEEL CL150 RAISED FACE ASTMA105,EACH,FLANGE,FLANGE,CS,50.0,,,RF,,CARBON STEEL FLANGE DN50 RF,VLV-BALLVALVE-SS316-DN15-CL150-00001-6,STAINLESS STEEL 316 BALL VALVE DN15 CL150 RF,BPCL|BP-00049,MAT0057
BPCL,BP-00050,WELD NECK FLANGE 80MM CS CL150 RF ASTMA105,0,ASTM A105,2026-09-25 07:08:16.080561+00:00,WELD NECK FLANGE 80 MM CARBON STEEL CL150 RAISED FACE ASTMA105,EACH,FLANGE,FLANGE,CS,80.0,,,RF,,CARBON STEEL FLANGE DN80 RF,VLV-BALLVALVE-SS316-DN15-CL150-00001-6,STAINLESS STEEL 316 BALL VALVE DN15 CL150 RF,BPCL|BP-00050,MAT0058
BPCL,BP-00051,WELD NECK FLANGE 100MM CS CL150 RF ASTMA105,NOS,ASTM A105,2026-09-25 07:08:16.080561+00:00,WELD NECK FLANGE 100 MM CARBON STEEL CL150 RAISED FACE ASTMA105,EACH,FLANGE,FLANGE,CS,100.0,,,RF,,CARBON STEEL FLANGE DN100 RF,VLV-BALLVALVE-SS316-DN15-CL150-00001-6,STAINLESS STEEL 316 BALL VALVE DN15 CL150 RF,BPCL|BP-00051,MAT0059
BPCL,BP-00052,WELD NECK FLANGE 150MM CS CL150 RF ASTMA105,NOS,ASTM A105,2026-09-25 07:08:16.080561+00:00,WELD NECK FLANGE 150 MM CARBON STEEL CL150 RAISED FACE ASTMA105,EACH,FLANGE,FLANGE,CS,150.0,,,RF,,CARBON STEEL FLANGE DN150 RF,VLV-BALLVALVE-SS316-DN15-CL150-00001-6,STAINLESS STEEL 316 BALL VALVE DN15 CL150 RF,BPCL|BP-00052,MAT0060
BPCL,BP-00053,WELD NECK FLANGE 200MM CS CL150 RF ASTMA105  ,NOS,ASTM A105,2026-09-25 07:08:16.080561+00:00,WELD NECK FLANGE 200 MM CARBON STEEL CL150 RAISED FACE ASTMA105,EACH,FLANGE,FLANGE,CS,200.0,,,RF,,CARBON STEEL FLANGE DN200 RF,VLV-BALLVALVE-SS316-DN15-CL150-00001-6,STAINLESS STEEL 316 BALL VALVE DN15 CL150 RF,BPCL|BP-00053,MAT0061
BPCL,BP-00054,WELD NECK FLANGE 50MM CS CL300 RF ASTMA105,NOS,ASTM A105,2026-09-25 07:08:16.080561+00:00,WELD NECK FLANGE 50 MM CARBON STEEL CL300 RAISED FACE ASTMA105,EACH,FLANGE,FLANGE,CS,50.0,,,RF,,CARBON STEEL FLANGE DN50 RF,VLV-BALLVALVE-SS316-DN15-CL150-00001-6,STAINLESS STEEL 316 BALL VALVE DN15 CL150 RF,BPCL|BP-00054,MAT0062
BPCL,BP-00055,WELD NECK FLANGE 80MM CS CL300 RF ASTMA105,NOS,ASTM A105,2026-09-25 07:08:16.080561+00:00,WELD NECK FLANGE 80 MM CARBON STEEL CL300 RAISED FACE ASTMA105,EACH,FLANGE,FLANGE,CS,80.0,,,RF,,CARBON STEEL FLANGE DN80 RF,VLV-BALLVALVE-SS316-DN15-CL150-00001-6,STAINLESS STEEL 316 BALL VALVE DN15 CL150 RF,BPCL|BP-00055,MAT0063
BPCL,BP-00056,WELD NECK FLANGE 100MM CS CL300 RF ASTMA105,NOS,ASTM A105,2026-09-25 07:08:16.080561+00:00,WELD NECK FLANGE 100 MM CARBON STEEL CL300 RAISED FACE ASTMA105,EACH,FLANGE,FLANGE,CS,100.0,,,RF,,CARBON STEEL FLANGE DN100 RF,VLV-BALLVALVE-SS316-DN15-CL150-00001-6,STAINLESS STEEL 316 BALL VALVE DN15 CL150 RF,BPCL|BP-00056,MAT0064
BPCL,BP-00057,BLIND FLANGE 50MM SS316 CL150 RTJ ASTMA182,NOS,ASTM A182,2026-09-25 07:08:16.080561+00:00,BLIND FLANGE 50 MM STAINLESS STEEL 316 CL150 RING TYPE JOINT ASTMA182,EACH,FLANGE,FLANGE,SS316,50.0,,,RTJ,,STAINLESS STEEL 316 FLANGE DN50 RTJ,VLV-BALLVALVE-SS316-DN15-CL150-00001-6,STAINLESS STEEL 316 BALL VALVE DN15 CL150 RF,BPCL|BP-00057,MAT0065
BPCL,BP-00058,BLIND FLANGE 50MM SS316 CL300 RTJ ASTMA182,NOS,ASTM A182,2026-09-25 07:08:16.080561+00:00,BLIND FLANGE 50 MM STAINLESS STEEL 316 CL300 RING TYPE JOINT ASTMA182,EACH,FLANGE,FLANGE,SS316,50.0,,,RTJ,,STAINLESS STEEL 316 FLANGE DN50 RTJ,VLV-BALLVALVE-SS316-DN15-CL150-00001-6,STAINLESS STEEL 316 BALL VALVE DN15 CL150 RF,BPCL|BP-00058,MAT0066
BPCL,BP-00059,BLIND FLANGE 80MM SS316 CL150 RTJ ASTMA182,NOS,ASTM A182,2026-09-25 07:08:16.080561+00:00,BLIND FLANGE 80 MM STAINLESS STEEL 316 CL150 RING TYPE JOINT ASTMA182,EACH,FLANGE,FLANGE,SS316,80.0,,,RTJ,,STAINLESS STEEL 316 FLANGE DN80 RTJ,VLV-BALLVALVE-SS316-DN15-CL150-00001-6,STAINLESS STEEL 316 BALL VALVE DN15 CL150 RF,BPCL|BP-00059,MAT0067
BPCL,BP-00060,BLIND FLANGE 80MM SS316 CL300 RTJ ASTMA182,NOS,ASTM A182,2026-09-25 07:08:16.080561+00:00,BLIND FLANGE 80 MM STAINLESS STEEL 316 CL300 RING TYPE JOINT ASTMA182,EACH,FLANGE,FLANGE,SS316,80.0,,,RTJ,,STAINLESS STEEL 316 FLANGE DN80 RTJ,VLV-BALLVALVE-SS316-DN15-CL150-00001-6,STAINLESS STEEL 316 BALL VALVE DN15 CL150 RF,BPCL|BP-00060,MAT0068
BPCL,BP-00061,SPIRAL WOUND GASKET 50MM SS316 CL150 ASMEB16.20,NOS,ASME B16.20,2026-09-25 07:08:16.080561+00:00,SPIRAL WOUND GASKET 50 MM STAINLESS STEEL 316 CL150 ASMEB16.20,EACH,GASKET,GASKET,SS316,50.0,,,UNKNOWN,,STAINLESS STEEL 316 GASKET DN50,VLV-BALLVALVE-SS316-DN15-CL150-00001-6,STAINLESS STEEL 316 BALL VALVE DN15 CL150 RF,BPCL|BP-00061,MAT0069
BPCL,BP-00062,SPIRAL WOUND GASKET 80MM SS316 CL150 ASMEB16.20,NOS,ASME B16.20,2026-09-25 07:08:16.080561+00:00,SPIRAL WOUND GASKET 80 MM STAINLESS STEEL 316 CL150 ASMEB16.20,EACH,GASKET,GASKET,SS316,80.0,,,UNKNOWN,,STAINLESS STEEL 316 GASKET DN80,VLV-BALLVALVE-SS316-DN15-CL150-00001-6,STAINLESS STEEL 316 BALL VALVE DN15 CL150 RF,BPCL|BP-00062,MAT0070
BPCL,BP-00063,SPIRAL WOUND GASKET 100MM SS316 CL150 ASMEB16.20,NOS,ASME B16.20,2026-09-25 07:08:16.080561+00:00,SPIRAL WOUND GASKET 100 MM STAINLESS STEEL 316 CL150 ASMEB16.20,EACH,GASKET,GASKET,SS316,100.0,,,UNKNOWN,,STAINLESS STEEL 316 GASKET DN100,VLV-BALLVALVE-SS316-DN15-CL150-00001-6,STAINLESS STEEL 316 BALL VALVE DN15 CL150 RF,BPCL|BP-00063,MAT0071
BPCL,BP-00064,  SPIRAL WOUND GASKET 150MM SS316 CL150 ASMEB16.20,NOS,ASME B16.20,2026-09-25 07:08:16.080561+00:00,SPIRAL WOUND GASKET 150 MM STAINLESS STEEL 316 CL150 ASMEB16.20,EACH,GASKET,GASKET,SS316,150.0,,,UNKNOWN,,STAINLESS STEEL 316 GASKET DN150,VLV-BALLVALVE-SS316-DN15-CL150-00001-6,STAINLESS STEEL 316 BALL VALVE DN15 CL150 RF,BPCL|BP-00064,MAT0072
BPCL,BP-00065,SPIRAL WOUND GASKET 200MM SS316 CL150 ASMEB16.20,NOS,ASME B16.20,2026-09-25 07:08:16.080561+00:00,SPIRAL WOUND GASKET 200 MM STAINLESS STEEL 316 CL150 ASMEB16.20,EACH,GASKET,GASKET,SS316,200.0,,,UNKNOWN,,STAINLESS STEEL 316 GASKET DN200,VLV-BALLVALVE-SS316-DN15-CL150-00001-6,STAINLESS STEEL 316 BALL VALVE DN15 CL150 RF,BPCL|BP-00065,MAT0073
BPCL,BP-00066,SPIRAL WOUND GASKET 50MM SS316 CL300 ASMEB16.20,NOS,ASME B16.20,2026-09-25 07:08:16.080561+00:00,SPIRAL WOUND GASKET 50 MM STAINLESS STEEL 316 CL300 ASMEB16.20,EACH,GASKET,GASKET,SS316,50.0,,,UNKNOWN,,STAINLESS STEEL 316 GASKET DN50,VLV-BALLVALVE-SS316-DN15-CL150-00001-6,STAINLESS STEEL 316 BALL VALVE DN15 CL150 RF,BPCL|BP-00066,MAT0074
BPCL,BP-00067,SPIRAL WOUND GASKET 100MM SS316 CL300 ASMEB16.20,NOS,ASME B16.20,2026-09-25 07:08:16.080561+00:00,SPIRAL WOUND GASKET 100 MM STAINLESS STEEL 316 CL300 ASMEB16.20,EACH,GASKET,GASKET,SS316,100.0,,,UNKNOWN,,STAINLESS STEEL 316 GASKET DN100,VLV-BALLVALVE-SS316-DN15-CL150-00001-6,STAINLESS STEEL 316 BALL VALVE DN15 CL150 RF,BPCL|BP-00067,MAT0076
BPCL,BP-00068,SPIRAL WOUND GASKET 150MM SS316 CL300 ASMEB16.20,NOS,ASME B16.20,2026-09-25 07:08:16.080561+00:00,SPIRAL WOUND GASKET 150 MM STAINLESS STEEL 316 CL300 ASMEB16.20,EACH,GASKET,GASKET,SS316,150.0,,,UNKNOWN,,STAINLESS STEEL 316 GASKET DN150,VLV-BALLVALVE-SS316-DN15-CL150-00001-6,STAINLESS STEEL 316 BALL VALVE DN15 CL150 RF,BPCL|BP-00068,MAT0077
BPCL,BP-00069,RING JOINT GASKET 50MM SS316 CL150 ASMEB16.20,NOS,ASME B16.20,2026-09-25 07:08:16.080561+00:00,RING JOINT GASKET 50 MM STAINLESS STEEL 316 CL150 ASMEB16.20,EACH,GASKET,GASKET,SS316,50.0,,,UNKNOWN,,STAINLESS STEEL 316 GASKET DN50,VLV-BALLVALVE-SS316-DN15-CL150-00001-6,STAINLESS STEEL 316 BALL VALVE DN15 CL150 RF,BPCL|BP-00069,MAT0079
BPCL,BP-00070,RING JOINT GASKET 80MM SS316 CL150 ASMEB16.20,NOS,ASME B16.20,2026-09-25 07:08:16.080561+00:00,RING JOINT GASKET 80 MM STAINLESS STEEL 316 CL150 ASMEB16.20,EACH,GASKET,GASKET,SS316,80.0,,,UNKNOWN,,STAINLESS STEEL 316 GASKET DN80,VLV-BALLVALVE-SS316-DN15-CL150-00001-6,STAINLESS STEEL 316 BALL VALVE DN15 CL150 RF,BPCL|BP-00070,MAT0080
BPCL,BP-00071,RING JOINT GASKET 100MM SS316 CL150 ASMEB16.20,NOS,ASME B16.20,2026-09-25 07:08:16.080561+00:00,RING JOINT GASKET 100 MM STAINLESS STEEL 316 CL150 ASMEB16.20,EACH,GASKET,GASKET,SS316,100.0,,,UNKNOWN,,STAINLESS STEEL 316 GASKET DN100,VLV-BALLVALVE-SS316-DN15-CL150-00001-6,STAINLESS STEEL 316 BALL VALVE DN15 CL150 RF,BPCL|BP-00071,MAT0081
BPCL,BP-00072,ELBOW 90 DEG 50MM CS BW SCH40 ASTMA234WPB,NOS,ASTM A234 WPB,2026-09-25 07:08:16.080561+00:00,ELBOW 90 DEG 50 MM CARBON STEEL BUTT WELD SCH40 ASTMA234WPB,EACH,FITTING,ELBOW,CS,50.0,,40,BW,,CARBON STEEL ELBOW DN50 SCH40 BW,VLV-BALLVALVE-SS316-DN15-CL150-00001-6,STAINLESS STEEL 316 BALL VALVE DN15 CL150 RF,BPCL|BP-00072,MAT0082
BPCL,BP-00073,ELBOW 90 DEG 80MM CS BW SCH40 ASTMA234WPB,NOS,ASTM A234 WPB,2026-09-25 07:08:16.080561+00:00,ELBOW 90 DEG 80 MM CARBON STEEL BUTT WELD SCH40 ASTMA234WPB,EACH,FITTING,ELBOW,CS,80.0,,40,BW,,CARBON STEEL ELBOW DN80 SCH40 BW,VLV-BALLVALVE-SS316-DN15-CL150-00001-6,STAINLESS STEEL 316 BALL VALVE DN15 CL150 RF,BPCL|BP-00073,MAT0083
BPCL,BP-00074,ELBOW 90 DEG 150MM CS BW SCH40 ASTMA234WPB,NOS,ASTM A234 WPB,2026-09-25 07:08:16.080561+00:00,ELBOW 90 DEG 150 MM CARBON STEEL BUTT WELD SCH40 ASTMA234WPB,EACH,FITTING,ELBOW,CS,150.0,,40,BW,,CARBON STEEL ELBOW DN150 SCH40 BW,VLV-BALLVALVE-SS316-DN15-CL150-00001-6,STAINLESS STEEL 316 BALL VALVE DN15 CL150 RF,BPCL|BP-00074,MAT0085
BPCL,BP-00075,ELBOW 45 DEG 50MM CS BW SCH40 ASTMA234WPB,NOS,ASTM A234 WPB,2026-09-25 07:08:16.080561+00:00,ELBOW 45 DEG 50 MM CARBON STEEL BUTT WELD SCH40 ASTMA234WPB,EACH,FITTING,ELBOW,CS,50.0,,40,BW,,CARBON STEEL ELBOW DN50 SCH40 BW,VLV-BALLVALVE-SS316-DN15-CL150-00001-6,STAINLESS STEEL 316 BALL VALVE DN15 CL150 RF,BPCL|BP-00075,MAT0086
BPCL,BP-00076,ELBOW 45 DEG 80MM CS BW SCH40 ASTMA234WPB,NOS,ASTM A234 WPB,2026-09-25 07:08:16.080561+00:00,ELBOW 45 DEG 80 MM CARBON STEEL BUTT WELD SCH40 ASTMA234WPB,EACH,FITTING,ELBOW,CS,80.0,,40,BW,,CARBON STEEL ELBOW DN80 SCH40 BW,VLV-BALLVALVE-SS316-DN15-CL150-00001-6,STAINLESS STEEL 316 BALL VALVE DN15 CL150 RF,BPCL|BP-00076,MAT0087
BPCL,BP-00077,EQUAL TEE 80MM SS316 BW SCH80 ASTMA403WP316,NOS,ASTM A403 WP316,2026-09-25 07:08:16.080561+00:00,EQUAL TEE 80 MM STAINLESS STEEL 316 BUTT WELD SCH80 ASTMA403WP316,EACH,FITTING,TEE,SS316,80.0,,80,BW,,STAINLESS STEEL 316 TEE DN80 SCH80 BW,VLV-BALLVALVE-SS316-DN15-CL150-00001-6,STAINLESS STEEL 316 BALL VALVE DN15 CL150 RF,BPCL|BP-00077,MAT0088
BPCL,BP-00078,EQUAL TEE 100MM SS316 BW SCH80 ASTMA403WP316,NOS,ASTM A403 WP316,2026-09-25 07:08:16.080561+00:00,EQUAL TEE 100 MM STAINLESS STEEL 316 BUTT WELD SCH80 ASTMA403WP316,EACH,FITTING,TEE,SS316,100.0,,80,BW,,STAINLESS STEEL 316 TEE DN100 SCH80 BW,VLV-BALLVALVE-SS316-DN15-CL150-00001-6,STAINLESS STEEL 316 BALL VALVE DN15 CL150 RF,BPCL|BP-00078,MAT0089
BPCL,BP-00079,EQUAL TEE 150MM SS316 BW SCH80 ASTMA403WP316,NOS,ASTM A403 WP316,2026-09-25 07:08:16.080561+00:00,EQUAL TEE 150 MM STAINLESS STEEL 316 BUTT WELD SCH80 ASTMA403WP316,EACH,FITTING,TEE,SS316,150.0,,80,BW,,STAINLESS STEEL 316 TEE DN150 SCH80 BW,VLV-BALLVALVE-SS316-DN15-CL150-00001-6,STAINLESS STEEL 316 BALL VALVE DN15 CL150 RF,BPCL|BP-00079,MAT0090
BPCL,BP-00080,CONC REDUCER 100MM CS BW SCH40 ASTMA234WPB,NOS,ASTM A234 WPB,2026-09-25 07:08:16.080561+00:00,CONC REDUCER 100 MM CARBON STEEL BUTT WELD SCH40 ASTMA234WPB,EACH,FITTING,TEE,CS,100.0,,40,BW,,CARBON STEEL TEE DN100 SCH40 BW,VLV-BALLVALVE-SS316-DN15-CL150-00001-6,STAINLESS STEEL 316 BALL VALVE DN15 CL150 RF,BPCL|BP-00080,MAT0091
BPCL,BP-00081,CONC REDUCER 150MM CS BW SCH40 ASTMA234WPB,NOS,ASTM A234 WPB,2026-09-25 07:08:16.080561+00:00,CONC REDUCER 150 MM CARBON STEEL BUTT WELD SCH40 ASTMA234WPB,EACH,FITTING,TEE,CS,150.0,,40,BW,,CARBON STEEL TEE DN150 SCH40 BW,VLV-BALLVALVE-SS316-DN15-CL150-00001-6,STAINLESS STEEL 316 BALL VALVE DN15 CL150 RF,BPCL|BP-00081,MAT0092
BPCL,BP-00082,STUD BOLT CS ASTMA193B7 M16,NOS,ASTM A193 B7,2026-09-25 07:08:16.080561+00:00,STUD BOLT CARBON STEEL ASTMA193B7 M16,EACH,FITTING,TEE,CS,,,,UNKNOWN,,CARBON STEEL TEE,VLV-BALLVALVE-SS316-DN15-CL150-00001-6,STAINLESS STEEL 316 BALL VALVE DN15 CL150 RF,BPCL|BP-00082,MAT0093
BPCL,BP-00083,STUD BOLT CS ASTMA193B7 M20,NOS,ASTM A193 B7,2026-09-25 07:08:16.080561+00:00,STUD BOLT CARBON STEEL ASTMA193B7 M20,EACH,FITTING,TEE,CS,,,,UNKNOWN,,CARBON STEEL TEE,VLV-BALLVALVE-SS316-DN15-CL150-00001-6,STAINLESS STEEL 316 BALL VALVE DN15 CL150 RF,BPCL|BP-00083,MAT0094
BPCL,BP-00084,STUD BOLT CS ASTMA193B7 M24,NOS,ASTM A193 B7,2026-09-25 07:08:16.080561+00:00,STUD BOLT CARBON STEEL ASTMA193B7 M24,EACH,FITTING,TEE,CS,,,,UNKNOWN,,CARBON STEEL TEE,VLV-BALLVALVE-SS316-DN15-CL150-00001-6,STAINLESS STEEL 316 BALL VALVE DN15 CL150 RF,BPCL|BP-00084,MAT0095
BPCL,BP-00085,BALL BEARING STL ISO 6206 2RS,0,ISO,2026-09-25 07:08:16.080561+00:00,BALL BEARING STL ISO 6206 2RS,EACH,BEARING,BEARING,UNKNOWN,,,,UNKNOWN,ISO,BEARING,BRG-BEARING-NA-NA-NA-00002-3,BEARING,BPCL|BP-00085,MAT0097
BPCL,BP-00086,BALL BEARING STL ISO 6208 2RS  ,NOS,ISO,2026-09-25 07:08:16.080561+00:00,BALL BEARING STL ISO 6208 2RS,EACH,BEARING,BEARING,UNKNOWN,,,,UNKNOWN,ISO,BEARING,BRG-BEARING-NA-NA-NA-00002-3,BEARING,BPCL|BP-00086,MAT0098
BPCL,BP-00087,BALL BEARING STL ISO NU205,NOS,ISO,2026-09-25 07:08:16.080561+00:00,BALL BEARING STL ISO NU205,EACH,BEARING,BEARING,UNKNOWN,,,,UNKNOWN,ISO,BEARING,BRG-BEARING-NA-NA-NA-00002-3,BEARING,BPCL|BP-00087,MAT0099
BPCL,BP-00088,BALL BEARING STL ISO NU206,NOS,ISO,2026-09-25 07:08:16.080561+00:00,BALL BEARING STL ISO NU206,EACH,BEARING,BEARING,UNKNOWN,,,,UNKNOWN,ISO,BEARING,BRG-BEARING-NA-NA-NA-00002-3,BEARING,BPCL|BP-00088,MAT0100
BPCL,BP-00089,"CENTRIFUGAL PUMP CS 50 M3/HR, 30M HEAD",NOS,,2026-09-25 07:08:16.080561+00:00,CENTRIFUGAL PUMP CARBON STEEL 50 M3/HR 30M HEAD,EACH,FITTING,TEE,CS,,,,UNKNOWN,,CARBON STEEL TEE,VLV-BALLVALVE-SS316-DN15-CL150-00001-6,STAINLESS STEEL 316 BALL VALVE DN15 CL150 RF,BPCL|BP-00089,MAT0101
BPCL,BP-00090,"CENTRIFUGAL PUMP SS316 50 M3/HR, 30M HEAD",0,,2026-09-25 07:08:16.080561+00:00,CENTRIFUGAL PUMP STAINLESS STEEL 316 50 M3/HR 30M HEAD,EACH,FITTING,TEE,SS316,,,,UNKNOWN,,STAINLESS STEEL 316 TEE,VLV-BALLVALVE-SS316-DN15-CL150-00001-6,STAINLESS STEEL 316 BALL VALVE DN15 CL150 RF,BPCL|BP-00090,MAT0102
BPCL,BP-00091,"INDUCTION MOTOR STL 3PH, 11KW, 415V, 1500 RPM, IE3",NOS,,2026-09-25 07:08:16.080561+00:00,INDUCTION MOTOR STL 3PH 11KW 415V 1500 RPM IE3,EACH,MOTOR,MOTOR,UNKNOWN,,,,UNKNOWN,,MOTOR,MTR-MOTOR-NA-NA-NA-00003-2,MOTOR,BPCL|BP-00091,MAT0103
BPCL,BP-00092,"INDUCTION MOTOR STL 3PH, 15KW, 415V, 1500 RPM, IE3",NOS,,2026-09-25 07:08:16.080561+00:00,INDUCTION MOTOR STL 3PH 15KW 415V 1500 RPM IE3,EACH,MOTOR,MOTOR,UNKNOWN,,,,UNKNOWN,,MOTOR,MTR-MOTOR-NA-NA-NA-00003-2,MOTOR,BPCL|BP-00092,MAT0104
BPCL,BP-00093,"PRESSURE TRANSMITTER SS316 0-100 BAR, 4-20mA, HART",NOS,,2026-09-25 07:08:16.080561+00:00,PRESSURE TRANSMITTER STAINLESS STEEL 316 0-100 BAR 4-20MA HART,EACH,FITTING,TEE,SS316,,,,UNKNOWN,,STAINLESS STEEL 316 TEE,VLV-BALLVALVE-SS316-DN15-CL150-00001-6,STAINLESS STEEL 316 BALL VALVE DN15 CL150 RF,BPCL|BP-00093,MAT0105
BPCL,BP-00094,"TEMPERATURE TRANSMITTER SS316 PT100, 4-20mA",NOS,,2026-09-25 07:08:16.080561+00:00,TEMPERATURE TRANSMITTER STAINLESS STEEL 316 PT100 4-20MA,EACH,FITTING,TEE,SS316,,,,UNKNOWN,,STAINLESS STEEL 316 TEE,VLV-BALLVALVE-SS316-DN15-CL150-00001-6,STAINLESS STEEL 316 BALL VALVE DN15 CL150 RF,BPCL|BP-00094,MAT0106
BPCL,BP-00095,"PRESSURE TRANSMITTER SS316 0-10 BAR, 4-20mA, HART",NOS,,2026-09-25 07:08:16.080561+00:00,PRESSURE TRANSMITTER STAINLESS STEEL 316 0-10 BAR 4-20MA HART,EACH,FITTING,TEE,SS316,,,,UNKNOWN,,STAINLESS STEEL 316 TEE,VLV-BALLVALVE-SS316-DN15-CL150-00001-6,STAINLESS STEEL 316 BALL VALVE DN15 CL150 RF,BPCL|BP-00095,MAT0107
BPCL,BP-00096,O-RING 50MM FKM 4MM CS,NOS,,2026-09-25 07:08:16.080561+00:00,O-RING 50 MM FKM 4 MM CARBON STEEL,EACH,FITTING,TEE,CS,50.0,,,UNKNOWN,,CARBON STEEL TEE DN50,VLV-BALLVALVE-SS316-DN15-CL150-00001-6,STAINLESS STEEL 316 BALL VALVE DN15 CL150 RF,BPCL|BP-00096,MAT0109
BPCL,BP-00097,V-BELT SPB 2500,NOS,,2026-09-25 07:08:16.080561+00:00,V-BELT SPB 2500,EACH,DRIVE,V-BELT,UNKNOWN,,,,UNKNOWN,,V-BELT,DRV-V-BELT-NA-NA-NA-00004-9,V-BELT,BPCL|BP-00097,MAT0110
BPCL,BP-00098,V-BELT SPB 2550,NOS,,2026-09-25 07:08:16.080561+00:00,V-BELT SPB 2550,EACH,DRIVE,V-BELT,UNKNOWN,,,,UNKNOWN,,V-BELT,DRV-V-BELT-NA-NA-NA-00004-9,V-BELT,BPCL|BP-00098,MAT0111
BPCL,BP-00099,Y-STRAINER 50MM SS316 CL150 RF 40 MESH,NOS,,2026-09-25 07:08:16.080561+00:00,Y-STRAINER 50 MM STAINLESS STEEL 316 CL150 RAISED FACE 40 MESH,EACH,FITTING,TEE,SS316,50.0,,,RF,,STAINLESS STEEL 316 TEE DN50 RF,VLV-BALLVALVE-SS316-DN15-CL150-00001-6,STAINLESS STEEL 316 BALL VALVE DN15 CL150 RF,BPCL|BP-00099,MAT0112
BPCL,BP-00100,Y-STRAINER 50MM SS316 CL150 RF 80 MESH,NOS,,2026-09-25 07:08:16.080561+00:00,Y-STRAINER 50 MM STAINLESS STEEL 316 CL150 RAISED FACE 80 MESH,EACH,FITTING,TEE,SS316,50.0,,,RF,,STAINLESS STEEL 316 TEE DN50 RF,VLV-BALLVALVE-SS316-DN15-CL150-00001-6,STAINLESS STEEL 316 BALL VALVE DN15 CL150 RF,BPCL|BP-00100,MAT0113
BPCL,BP-00101,"SAFETY RELIEF VALVE CS 2X3 IN, SET 10 BAR  ",NOS,,2026-09-25 07:08:16.080561+00:00,SAFETY RELIEF VALVE CARBON STEEL 2X3 IN SET 10 BAR,EACH,VALVE,SAFETY RELIEF,CS,76.2,,,UNKNOWN,,CARBON STEEL SAFETY RELIEF DN76,VLV-BALLVALVE-SS316-DN15-CL150-00001-6,STAINLESS STEEL 316 BALL VALVE DN15 CL150 RF,BPCL|BP-00101,MAT0114
GAIL,GA-00001,BALL VALVE SIZE 15MM MOC CS PRESSURE CLASS 150 END CONNECTION RF TRIM SS316 STD API 6D,NOS,API 6D,2026-09-25 07:08:16.084052+00:00,BALL VALVE SIZE 15 MM MOC CARBON STEEL PRESSURE CLASS 150 END CONNECTION RAISED FACE TRIM STAINLESS STEEL 316 STD API 6D,EACH,VALVE,BALL VALVE,SS316,15.0,150.0,,RF,API6D,STAINLESS STEEL 316 BALL VALVE DN15 CL150 RF,VLV-BALLVALVE-SS316-DN15-CL150-00001-6,STAINLESS STEEL 316 BALL VALVE DN15 CL150 RF,GAIL|GA-00001,MAT0001
GAIL,GA-00002,BALL VALVE SIZE 25MM MOC CS PRESSURE CLASS 150 END CONNECTION RF TRIM SS316 STD API 6D,SET,API 6D,2026-09-25 07:08:16.084052+00:00,BALL VALVE SIZE 25 MM MOC CARBON STEEL PRESSURE CLASS 150 END CONNECTION RAISED FACE TRIM STAINLESS STEEL 316 STD API 6D,SET,VALVE,BALL VALVE,SS316,25.0,150.0,,RF,API6D,STAINLESS STEEL 316 BALL VALVE DN25 CL150 RF,VLV-BALLVALVE-SS316-DN15-CL150-00001-6,STAINLESS STEEL 316 BALL VALVE DN15 CL150 RF,GAIL|GA-00002,MAT0002
GAIL,GA-00003,BALL VALVE SIZE 50MM MOC CS PRESSURE CLASS 150 END CONNECTION RF TRIM SS316 STD API 6D,NOS,API 6D,2026-09-25 07:08:16.084052+00:00,BALL VALVE SIZE 50 MM MOC CARBON STEEL PRESSURE CLASS 150 END CONNECTION RAISED FACE TRIM STAINLESS STEEL 316 STD API 6D,EACH,VALVE,BALL VALVE,SS316,50.0,150.0,,RF,API6D,STAINLESS STEEL 316 BALL VALVE DN50 CL150 RF,VLV-BALLVALVE-SS316-DN15-CL150-00001-6,STAINLESS STEEL 316 BALL VALVE DN15 CL150 RF,GAIL|GA-00003,MAT0003
GAIL,GA-00004,BALL VALVE SIZE 50MM MOC CS PRESSURE CLASS 300 END CONNECTION RF TRIM SS316 STD API 6D,NOS,API 6D,2026-09-25 07:08:16.084052+00:00,BALL VALVE SIZE 50 MM MOC CARBON STEEL PRESSURE CLASS 300 END CONNECTION RAISED FACE TRIM STAINLESS STEEL 316 STD API 6D,EACH,VALVE,BALL VALVE,SS316,50.0,300.0,,RF,API6D,STAINLESS STEEL 316 BALL VALVE DN50 CL300 RF,VLV-BALLVALVE-SS316-DN15-CL150-00001-6,STAINLESS STEEL 316 BALL VALVE DN15 CL150 RF,GAIL|GA-00004,MAT0004
GAIL,GA-00005,BALL VALVE SIZE 80MM MOC CS PRESSURE CLASS 150 END CONNECTION RF TRIM SS316 STD API 6D,SET,API 6D,2026-09-25 07:08:16.084052+00:00,BALL VALVE SIZE 80 MM MOC CARBON STEEL PRESSURE CLASS 150 END CONNECTION RAISED FACE TRIM STAINLESS STEEL 316 STD API 6D,SET,VALVE,BALL VALVE,SS316,80.0,150.0,,RF,API6D,STAINLESS STEEL 316 BALL VALVE DN80 CL150 RF,VLV-BALLVALVE-SS316-DN15-CL150-00001-6,STAINLESS STEEL 316 BALL VALVE DN15 CL150 RF,GAIL|GA-00005,MAT0005
GAIL,GA-00006,BALL VALVE SIZE 80MM MOC CS PRESSURE CLASS 300 END CONNECTION RF TRIM SS316 STD API 6D,SET,API 6D,2026-09-25 07:08:16.084052+00:00,BALL VALVE SIZE 80 MM MOC CARBON STEEL PRESSURE CLASS 300 END CONNECTION RAISED FACE TRIM STAINLESS STEEL 316 STD API 6D,SET,VALVE,BALL VALVE,SS316,80.0,300.0,,RF,API6D,STAINLESS STEEL 316 BALL VALVE DN80 CL300 RF,VLV-BALLVALVE-SS316-DN15-CL150-00001-6,STAINLESS STEEL 316 BALL VALVE DN15 CL150 RF,GAIL|GA-00006,MAT0006
GAIL,GA-00007,BALL VALVE SIZE 100MM MOC CS PRESSURE CLASS 150 END CONNECTION RF TRIM SS316 STD API 6D,NOS,API 6D,2026-09-25 07:08:16.084052+00:00,BALL VALVE SIZE 100 MM MOC CARBON STEEL PRESSURE CLASS 150 END CONNECTION RAISED FACE TRIM STAINLESS STEEL 316 STD API 6D,EACH,VALVE,BALL VALVE,SS316,100.0,150.0,,RF,API6D,STAINLESS STEEL 316 BALL VALVE DN100 CL150 RF,VLV-BALLVALVE-SS316-DN15-CL150-00001-6,STAINLESS STEEL 316 BALL VALVE DN15 CL150 RF,GAIL|GA-00007,MAT0007
GAIL,GA-00008,BALL VALVE SIZE 100MM MOC CS PRESSURE CLASS 300 END CONNECTION RF TRIM SS316 STD API 6D,NOS,API 6D,2026-09-25 07:08:16.084052+00:00,BALL VALVE SIZE 100 MM MOC CARBON STEEL PRESSURE CLASS 300 END CONNECTION RAISED FACE TRIM STAINLESS STEEL 316 STD API 6D,EACH,VALVE,BALL VALVE,SS316,100.0,300.0,,RF,API6D,STAINLESS STEEL 316 BALL VALVE DN100 CL300 RF,VLV-BALLVALVE-SS316-DN15-CL150-00001-6,STAINLESS STEEL 316 BALL VALVE DN15 CL150 RF,GAIL|GA-00008,MAT0008
GAIL,GA-00009,BALL VALVE SIZE 150MM MOC CS PRESSURE CLASS 150 END CONNECTION RF TRIM SS316 STD API 6D,SET,API 6D,2026-09-25 07:08:16.084052+00:00,BALL VALVE SIZE 150 MM MOC CARBON STEEL PRESSURE CLASS 150 END CONNECTION RAISED FACE TRIM STAINLESS STEEL 316 STD API 6D,SET,VALVE,BALL VALVE,SS316,150.0,150.0,,RF,API6D,STAINLESS STEEL 316 BALL VALVE DN150 CL150 RF,VLV-BALLVALVE-SS316-DN15-CL150-00001-6,STAINLESS STEEL 316 BALL VALVE DN15 CL150 RF,GAIL|GA-00009,MAT0009
GAIL,GA-00010,BALL VALVE SIZE 200MM MOC CS PRESSURE CLASS 300 END CONNECTION RF TRIM SS316 STD API 6D,nos,API 6D,2026-09-25 07:08:16.084052+00:00,BALL VALVE SIZE 200 MM MOC CARBON STEEL PRESSURE CLASS 300 END CONNECTION RAISED FACE TRIM STAINLESS STEEL 316 STD API 6D,EACH,VALVE,BALL VALVE,SS316,200.0,300.0,,RF,API6D,STAINLESS STEEL 316 BALL VALVE DN200 CL300 RF,VLV-BALLVALVE-SS316-DN15-CL150-00001-6,STAINLESS STEEL 316 BALL VALVE DN15 CL150 RF,GAIL|GA-00010,MAT0010
GAIL,GA-00011,BALL VALVE SIZE 50MM MOC SS316 PRESSURE CLASS 300 END CONNECTION RTJ TRIM SS316 STD API 6D,SET,API 6D,2026-09-25 07:08:16.084052+00:00,BALL VALVE SIZE 50 MM MOC STAINLESS STEEL 316 PRESSURE CLASS 300 END CONNECTION RING TYPE JOINT TRIM STAINLESS STEEL 316 STD API 6D,SET,VALVE,BALL VALVE,SS316,50.0,300.0,,RTJ,API6D,STAINLESS STEEL 316 BALL VALVE DN50 CL300 RTJ,VLV-BALLVALVE-SS316-DN15-CL150-00001-6,STAINLESS STEEL 316 BALL VALVE DN15 CL150 RF,GAIL|GA-00011,MAT0011
GAIL,GA-00012,BALL VALVE SIZE 80MM MOC SS316 PRESSURE CLASS 300 END CONNECTION RTJ TRIM SS316 STD API 6D,SET,API 6D,2026-09-25 07:08:16.084052+00:00,BALL VALVE SIZE 80 MM MOC STAINLESS STEEL 316 PRESSURE CLASS 300 END CONNECTION RING TYPE JOINT TRIM STAINLESS STEEL 316 STD API 6D,SET,VALVE,BALL VALVE,SS316,80.0,300.0,,RTJ,API6D,STAINLESS STEEL 316 BALL VALVE DN80 CL300 RTJ,VLV-BALLVALVE-SS316-DN15-CL150-00001-6,STAINLESS STEEL 316 BALL VALVE DN15 CL150 RF,GAIL|GA-00012,MAT0012
GAIL,GA-00013,BALL VALVE SIZE 100MM MOC SS316 PRESSURE CLASS 300 END CONNECTION RTJ TRIM SS316 STD API 6D,NOS,API 6D,2026-09-25 07:08:16.084052+00:00,BALL VALVE SIZE 100 MM MOC STAINLESS STEEL 316 PRESSURE CLASS 300 END CONNECTION RING TYPE JOINT TRIM STAINLESS STEEL 316 STD API 6D,EACH,VALVE,BALL VALVE,SS316,100.0,300.0,,RTJ,API6D,STAINLESS STEEL 316 BALL VALVE DN100 CL300 RTJ,VLV-BALLVALVE-SS316-DN15-CL150-00001-6,STAINLESS STEEL 316 BALL VALVE DN15 CL150 RF,GAIL|GA-00013,MAT0013
GAIL,GA-00014,BALL VALVE SIZE 150MM MOC SS316 PRESSURE CLASS 300 END CONNECTION RTJ TRIM SS316 STD API 6D,SET,API 6D,2026-09-25 07:08:16.084052+00:00,BALL VALVE SIZE 150 MM MOC STAINLESS STEEL 316 PRESSURE CLASS 300 END CONNECTION RING TYPE JOINT TRIM STAINLESS STEEL 316 STD API 6D,SET,VALVE,BALL VALVE,SS316,150.0,300.0,,RTJ,API6D,STAINLESS STEEL 316 BALL VALVE DN150 CL300 RTJ,VLV-BALLVALVE-SS316-DN15-CL150-00001-6,STAINLESS STEEL 316 BALL VALVE DN15 CL150 RF,GAIL|GA-00014,MAT0014
GAIL,GA-00015,GATE VALVE SIZE 50MM MOC CS PRESSURE CLASS 150 END CONNECTION RF STD API 600,SET,API 600,2026-09-25 07:08:16.084052+00:00,GATE VALVE SIZE 50 MM MOC CARBON STEEL PRESSURE CLASS 150 END CONNECTION RAISED FACE STD API 600,SET,VALVE,GATE VALVE,CS,50.0,150.0,,RF,API600,CARBON STEEL GATE VALVE DN50 CL150 RF,VLV-BALLVALVE-SS316-DN15-CL150-00001-6,STAINLESS STEEL 316 BALL VALVE DN15 CL150 RF,GAIL|GA-00015,MAT0016
GAIL,GA-00016,GATE VALVE SIZE 80MM MOC CS PRESSURE CLASS 150 END CONNECTION RF STD API 600,NOS,API 600,2026-09-25 07:08:16.084052+00:00,GATE VALVE SIZE 80 MM MOC CARBON STEEL PRESSURE CLASS 150 END CONNECTION RAISED FACE STD API 600,EACH,VALVE,GATE VALVE,CS,80.0,150.0,,RF,API600,CARBON STEEL GATE VALVE DN80 CL150 RF,VLV-BALLVALVE-SS316-DN15-CL150-00001-6,STAINLESS STEEL 316 BALL VALVE DN15 CL150 RF,GAIL|GA-00016,MAT0017
GAIL,GA-00017,GATE VALVE SIZE 100MM MOC CS PRESSURE CLASS 150 END CONNECTION RF STD API 600,NOS,API 600,2026-09-25 07:08:16.084052+00:00,GATE VALVE SIZE 100 MM MOC CARBON STEEL PRESSURE CLASS 150 END CONNECTION RAISED FACE STD API 600,EACH,VALVE,GATE VALVE,CS,100.0,150.0,,RF,API600,CARBON STEEL GATE VALVE DN100 CL150 RF,VLV-BALLVALVE-SS316-DN15-CL150-00001-6,STAINLESS STEEL 316 BALL VALVE DN15 CL150 RF,GAIL|GA-00017,MAT0018
GAIL,GA-00018,GATE VALVE SIZE 150MM MOC CS PRESSURE CLASS 150 END CONNECTION RF STD API 600,0,API 600,2026-09-25 07:08:16.084052+00:00,GATE VALVE SIZE 150 MM MOC CARBON STEEL PRESSURE CLASS 150 END CONNECTION RAISED FACE STD API 600,EACH,VALVE,GATE VALVE,CS,150.0,150.0,,RF,API600,CARBON STEEL GATE VALVE DN150 CL150 RF,VLV-BALLVALVE-SS316-DN15-CL150-00001-6,STAINLESS STEEL 316 BALL VALVE DN15 CL150 RF,GAIL|GA-00018,MAT0019
GAIL,GA-00019,GATE VALVE SIZE 200MM MOC CS PRESSURE CLASS 150 END CONNECTION RF STD API 600,SET,API 600,2026-09-25 07:08:16.084052+00:00,GATE VALVE SIZE 200 MM MOC CARBON STEEL PRESSURE CLASS 150 END CONNECTION RAISED FACE STD API 600,SET,VALVE,GATE VALVE,CS,200.0,150.0,,RF,API600,CARBON STEEL GATE VALVE DN200 CL150 RF,VLV-BALLVALVE-SS316-DN15-CL150-00001-6,STAINLESS STEEL 316 BALL VALVE DN15 CL150 RF,GAIL|GA-00019,MAT0020
GAIL,GA-00020,GATE VALVE SIZE 50MM MOC SS316 PRESSURE CLASS 300 END CONNECTION RTJ STD API 600,NOS,API 600,2026-09-25 07:08:16.084052+00:00,GATE VALVE SIZE 50 MM MOC STAINLESS STEEL 316 PRESSURE CLASS 300 END CONNECTION RING TYPE JOINT STD API 600,EACH,VALVE,GATE VALVE,SS316,50.0,300.0,,RTJ,API600,STAINLESS STEEL 316 GATE VALVE DN50 CL300 RTJ,VLV-BALLVALVE-SS316-DN15-CL150-00001-6,STAINLESS STEEL 316 BALL VALVE DN15 CL150 RF,GAIL|GA-00020,MAT0021
GAIL,GA-00021,GATE VALVE SIZE 100MM MOC SS316 PRESSURE CLASS 300 END CONNECTION RTJ STD API 600,NOS,API 600,2026-09-25 07:08:16.084052+00:00,GATE VALVE SIZE 100 MM MOC STAINLESS STEEL 316 PRESSURE CLASS 300 END CONNECTION RING TYPE JOINT STD API 600,EACH,VALVE,GATE VALVE,SS316,100.0,300.0,,RTJ,API600,STAINLESS STEEL 316 GATE VALVE DN100 CL300 RTJ,VLV-BALLVALVE-SS316-DN15-CL150-00001-6,STAINLESS STEEL 316 BALL VALVE DN15 CL150 RF,GAIL|GA-00021,MAT0023
GAIL,GA-00022,GATE VALVE SIZE 150MM MOC SS316 PRESSURE CLASS 300 END CONNECTION RTJ STD API 600,NOS,API 600,2026-09-25 07:08:16.084052+00:00,GATE VALVE SIZE 150 MM MOC STAINLESS STEEL 316 PRESSURE CLASS 300 END CONNECTION RING TYPE JOINT STD API 600,EACH,VALVE,GATE VALVE,SS316,150.0,300.0,,RTJ,API600,STAINLESS STEEL 316 GATE VALVE DN150 CL300 RTJ,VLV-BALLVALVE-SS316-DN15-CL150-00001-6,STAINLESS STEEL 316 BALL VALVE DN15 CL150 RF,GAIL|GA-00022,MAT0024
GAIL,GA-00023,GLOBE VALVE SIZE 50MM MOC CS PRESSURE CLASS 150 END CONNECTION RF STD API 623,NOS,API 623,2026-09-25 07:08:16.084052+00:00,GLOBE VALVE SIZE 50 MM MOC CARBON STEEL PRESSURE CLASS 150 END CONNECTION RAISED FACE STD API 623,EACH,VALVE,GLOBE VALVE,CS,50.0,150.0,,RF,API623,CARBON STEEL GLOBE VALVE DN50 CL150 RF,VLV-BALLVALVE-SS316-DN15-CL150-00001-6,STAINLESS STEEL 316 BALL VALVE DN15 CL150 RF,GAIL|GA-00023,MAT0025
GAIL,GA-00024,GLOBE VALVE SIZE 80MM MOC CS PRESSURE CLASS 150 END CONNECTION RF STD API 623,SET,API 623,2026-09-25 07:08:16.084052+00:00,GLOBE VALVE SIZE 80 MM MOC CARBON STEEL PRESSURE CLASS 150 END CONNECTION RAISED FACE STD API 623,SET,VALVE,GLOBE VALVE,CS,80.0,150.0,,RF,API623,CARBON STEEL GLOBE VALVE DN80 CL150 RF,VLV-BALLVALVE-SS316-DN15-CL150-00001-6,STAINLESS STEEL 316 BALL VALVE DN15 CL150 RF,GAIL|GA-00024,MAT0026
GAIL,GA-00025,GLOBE VALVE SIZE 100MM MOC CS PRESSURE CLASS 150 END CONNECTION RF STD API 623,SET,API 623,2026-09-25 07:08:16.084052+00:00,GLOBE VALVE SIZE 100 MM MOC CARBON STEEL PRESSURE CLASS 150 END CONNECTION RAISED FACE STD API 623,SET,VALVE,GLOBE VALVE,CS,100.0,150.0,,RF,API623,CARBON STEEL GLOBE VALVE DN100 CL150 RF,VLV-BALLVALVE-SS316-DN15-CL150-00001-6,STAINLESS STEEL 316 BALL VALVE DN15 CL150 RF,GAIL|GA-00025,MAT0027
GAIL,GA-00026,GLOBE VALVE SIZE 50MM MOC SS316 PRESSURE CLASS 300 END CONNECTION RTJ STD API 623,SET,API 623,2026-09-25 07:08:16.084052+00:00,GLOBE VALVE SIZE 50 MM MOC STAINLESS STEEL 316 PRESSURE CLASS 300 END CONNECTION RING TYPE JOINT STD API 623,SET,VALVE,GLOBE VALVE,SS316,50.0,300.0,,RTJ,API623,STAINLESS STEEL 316 GLOBE VALVE DN50 CL300 RTJ,VLV-BALLVALVE-SS316-DN15-CL150-00001-6,STAINLESS STEEL 316 BALL VALVE DN15 CL150 RF,GAIL|GA-00026,MAT0028
GAIL,GA-00027,GLOBE VALVE SIZE 80MM MOC SS316 PRESSURE CLASS 300 END CONNECTION RTJ STD API 623,NOS,API 623,2026-09-25 07:08:16.084052+00:00,GLOBE VALVE SIZE 80 MM MOC STAINLESS STEEL 316 PRESSURE CLASS 300 END CONNECTION RING TYPE JOINT STD API 623,EACH,VALVE,GLOBE VALVE,SS316,80.0,300.0,,RTJ,API623,STAINLESS STEEL 316 GLOBE VALVE DN80 CL300 RTJ,VLV-BALLVALVE-SS316-DN15-CL150-00001-6,STAINLESS STEEL 316 BALL VALVE DN15 CL150 RF,GAIL|GA-00027,MAT0029
GAIL,GA-00028,CHECK VALVE SIZE 80MM MOC ALLOY20 PRESSURE CLASS 600 END CONNECTION BW STD API 594,NOS,API 594,2026-09-25 07:08:16.084052+00:00,CHECK VALVE SIZE 80 MM MOC ALLOY20 PRESSURE CLASS 600 END CONNECTION BUTT WELD STD API 594,EACH,VALVE,CHECK VALVE,UNKNOWN,80.0,600.0,,BW,API594,CHECK VALVE DN80 CL600 BW,VLV-BALLVALVE-SS316-DN15-CL150-00001-6,STAINLESS STEEL 316 BALL VALVE DN15 CL150 RF,GAIL|GA-00028,MAT0030
GAIL,GA-00029,CHECK VALVE SIZE 100MM MOC ALLOY20 PRESSURE CLASS 600 END CONNECTION BW STD API 594,NOS,API 594,2026-09-25 07:08:16.084052+00:00,CHECK VALVE SIZE 100 MM MOC ALLOY20 PRESSURE CLASS 600 END CONNECTION BUTT WELD STD API 594,EACH,VALVE,CHECK VALVE,UNKNOWN,100.0,600.0,,BW,API594,CHECK VALVE DN100 CL600 BW,VLV-BALLVALVE-SS316-DN15-CL150-00001-6,STAINLESS STEEL 316 BALL VALVE DN15 CL150 RF,GAIL|GA-00029,MAT0031
GAIL,GA-00030,CHECK VALVE SIZE 150MM MOC ALLOY20 PRESSURE CLASS 600 END CONNECTION BW STD API 594,SET,API 594,2026-09-25 07:08:16.084052+00:00,CHECK VALVE SIZE 150 MM MOC ALLOY20 PRESSURE CLASS 600 END CONNECTION BUTT WELD STD API 594,SET,VALVE,CHECK VALVE,UNKNOWN,150.0,600.0,,BW,API594,CHECK VALVE DN150 CL600 BW,VLV-BALLVALVE-SS316-DN15-CL150-00001-6,STAINLESS STEEL 316 BALL VALVE DN15 CL150 RF,GAIL|GA-00030,MAT0032
GAIL,GA-00031,CHECK VALVE SIZE 200MM MOC ALLOY20 PRESSURE CLASS 600 END CONNECTION BW STD API 594,NOS,API 594,2026-09-25 07:08:16.084052+00:00,CHECK VALVE SIZE 200 MM MOC ALLOY20 PRESSURE CLASS 600 END CONNECTION BUTT WELD STD API 594,EACH,VALVE,CHECK VALVE,UNKNOWN,200.0,600.0,,BW,API594,CHECK VALVE DN200 CL600 BW,VLV-BALLVALVE-SS316-DN15-CL150-00001-6,STAINLESS STEEL 316 BALL VALVE DN15 CL150 RF,GAIL|GA-00031,MAT0033
GAIL,GA-00032,BUTTERFLY VALVE SIZE 80MM MOC CI PRESSURE CLASS 150 END CONNECTION WAFER STD API 609,NOS,API 609,2026-09-25 07:08:16.084052+00:00,BUTTERFLY VALVE SIZE 80 MM MOC CAST IRON PRESSURE CLASS 150 END CONNECTION WAFER STD API 609,EACH,VALVE,BUTTERFLY,CI,80.0,150.0,,WAFER,API609,CAST IRON BUTTERFLY DN80 CL150 WAFER,VLV-BALLVALVE-SS316-DN15-CL150-00001-6,STAINLESS STEEL 316 BALL VALVE DN15 CL150 RF,GAIL|GA-00032,MAT0034
GAIL,GA-00033,BUTTERFLY VALVE SIZE 100MM MOC CI PRESSURE CLASS 150 END CONNECTION WAFER STD API 609,NOS,API 609,2026-09-25 07:08:16.084052+00:00,BUTTERFLY VALVE SIZE 100 MM MOC CAST IRON PRESSURE CLASS 150 END CONNECTION WAFER STD API 609,EACH,VALVE,BUTTERFLY,CI,100.0,150.0,,WAFER,API609,CAST IRON BUTTERFLY DN100 CL150 WAFER,VLV-BALLVALVE-SS316-DN15-CL150-00001-6,STAINLESS STEEL 316 BALL VALVE DN15 CL150 RF,GAIL|GA-00033,MAT0035
GAIL,GA-00034,BUTTERFLY VALVE SIZE 150MM MOC CI PRESSURE CLASS 150 END CONNECTION WAFER STD API 609,SET,API 609,2026-09-25 07:08:16.084052+00:00,BUTTERFLY VALVE SIZE 150 MM MOC CAST IRON PRESSURE CLASS 150 END CONNECTION WAFER STD API 609,SET,VALVE,BUTTERFLY,CI,150.0,150.0,,WAFER,API609,CAST IRON BUTTERFLY DN150 CL150 WAFER,VLV-BALLVALVE-SS316-DN15-CL150-00001-6,STAINLESS STEEL 316 BALL VALVE DN15 CL150 RF,GAIL|GA-00034,MAT0036
GAIL,GA-00035,BUTTERFLY VALVE SIZE 200MM MOC CI PRESSURE CLASS 150 END CONNECTION WAFER STD API 609,NOS,API 609,2026-09-25 07:08:16.084052+00:00,BUTTERFLY VALVE SIZE 200 MM MOC CAST IRON PRESSURE CLASS 150 END CONNECTION WAFER STD API 609,EACH,VALVE,BUTTERFLY,CI,200.0,150.0,,WAFER,API609,CAST IRON BUTTERFLY DN200 CL150 WAFER,VLV-BALLVALVE-SS316-DN15-CL150-00001-6,STAINLESS STEEL 316 BALL VALVE DN15 CL150 RF,GAIL|GA-00035,MAT0037
GAIL,GA-00036,BUTTERFLY VALVE SIZE 250MM MOC CI PRESSURE CLASS 150 END CONNECTION WAFER STD API 609,SET,API 609,2026-09-25 07:08:16.084052+00:00,BUTTERFLY VALVE SIZE 250 MM MOC CAST IRON PRESSURE CLASS 150 END CONNECTION WAFER STD API 609,SET,VALVE,BUTTERFLY,CI,250.0,150.0,,WAFER,API609,CAST IRON BUTTERFLY DN250 CL150 WAFER,VLV-BALLVALVE-SS316-DN15-CL150-00001-6,STAINLESS STEEL 316 BALL VALVE DN15 CL150 RF,GAIL|GA-00036,MAT0038
GAIL,GA-00037,BUTTERFLY VALVE SIZE 300MM MOC CI PRESSURE CLASS 150 END CONNECTION WAFER STD API 609,SET,API 609,2026-09-25 07:08:16.084052+00:00,BUTTERFLY VALVE SIZE 300 MM MOC CAST IRON PRESSURE CLASS 150 END CONNECTION WAFER STD API 609,SET,VALVE,BUTTERFLY,CI,300.0,150.0,,WAFER,API609,CAST IRON BUTTERFLY DN300 CL150 WAFER,VLV-BALLVALVE-SS316-DN15-CL150-00001-6,STAINLESS STEEL 316 BALL VALVE DN15 CL150 RF,GAIL|GA-00037,MAT0039
GAIL,GA-00038,CHECK VALVE SIZE 50MM MOC CS PRESSURE CLASS 150 END CONNECTION RF STD API 594,NOS,API 594,2026-09-25 07:08:16.084052+00:00,CHECK VALVE SIZE 50 MM MOC CARBON STEEL PRESSURE CLASS 150 END CONNECTION RAISED FACE STD API 594,EACH,VALVE,CHECK VALVE,CS,50.0,150.0,,RF,API594,CARBON STEEL CHECK VALVE DN50 CL150 RF,VLV-BALLVALVE-SS316-DN15-CL150-00001-6,STAINLESS STEEL 316 BALL VALVE DN15 CL150 RF,GAIL|GA-00038,MAT0040
GAIL,GA-00039,  CHECK VALVE SIZE 80MM MOC CS PRESSURE CLASS 150 END CONNECTION RF STD API 594,SET,API 594,2026-09-25 07:08:16.084052+00:00,CHECK VALVE SIZE 80 MM MOC CARBON STEEL PRESSURE CLASS 150 END CONNECTION RAISED FACE STD API 594,SET,VALVE,CHECK VALVE,CS,80.0,150.0,,RF,API594,CARBON STEEL CHECK VALVE DN80 CL150 RF,VLV-BALLVALVE-SS316-DN15-CL150-00001-6,STAINLESS STEEL 316 BALL VALVE DN15 CL150 RF,GAIL|GA-00039,MAT0041
GAIL,GA-00040,CHECK VALVE SIZE 100MM MOC CS PRESSURE CLASS 150 END CONNECTION RF STD API 594,SET,API 594,2026-09-25 07:08:16.084052+00:00,CHECK VALVE SIZE 100 MM MOC CARBON STEEL PRESSURE CLASS 150 END CONNECTION RAISED FACE STD API 594,SET,VALVE,CHECK VALVE,CS,100.0,150.0,,RF,API594,CARBON STEEL CHECK VALVE DN100 CL150 RF,VLV-BALLVALVE-SS316-DN15-CL150-00001-6,STAINLESS STEEL 316 BALL VALVE DN15 CL150 RF,GAIL|GA-00040,MAT0042
GAIL,GA-00041,SEAMLESS PIPE SIZE 50MM MOC CS NA END CONNECTION NA SCHEDULE 40 STD ASTM A106 GR B,SET,ASTM A106 GR B,2026-09-25 07:08:16.084052+00:00,SEAMLESS PIPE SIZE 50 MM MOC CARBON STEEL NA END CONNECTION NA SCHEDULE 40 STD ASTM A106 GR B,SET,PIPE,PIPE,CS,50.0,,40,UNKNOWN,ASTMA106,CARBON STEEL PIPE DN50 SCH40,VLV-BALLVALVE-SS316-DN15-CL150-00001-6,STAINLESS STEEL 316 BALL VALVE DN15 CL150 RF,GAIL|GA-00041,MAT0043
GAIL,GA-00042,SEAMLESS PIPE SIZE 80MM MOC CS NA END CONNECTION NA SCHEDULE 40 STD ASTM A106 GR B,NOS,ASTM A106 GR B,2026-09-25 07:08:16.084052+00:00,SEAMLESS PIPE SIZE 80 MM MOC CARBON STEEL NA END CONNECTION NA SCHEDULE 40 STD ASTM A106 GR B,EACH,PIPE,PIPE,CS,80.0,,40,UNKNOWN,ASTMA106,CARBON STEEL PIPE DN80 SCH40,VLV-BALLVALVE-SS316-DN15-CL150-00001-6,STAINLESS STEEL 316 BALL VALVE DN15 CL150 RF,GAIL|GA-00042,MAT0044
GAIL,GA-00043,SEAMLESS PIPE SIZE 100MM MOC CS NA END CONNECTION NA SCHEDULE 40 STD ASTM A106 GR B,NOS,ASTM A106 GR B,2026-09-25 07:08:16.084052+00:00,SEAMLESS PIPE SIZE 100 MM MOC CARBON STEEL NA END CONNECTION NA SCHEDULE 40 STD ASTM A106 GR B,EACH,PIPE,PIPE,CS,100.0,,40,UNKNOWN,ASTMA106,CARBON STEEL PIPE DN100 SCH40,VLV-BALLVALVE-SS316-DN15-CL150-00001-6,STAINLESS STEEL 316 BALL VALVE DN15 CL150 RF,GAIL|GA-00043,MAT0045
GAIL,GA-00044,SEAMLESS PIPE SIZE 200MM MOC CS NA END CONNECTION NA SCHEDULE 40 STD ASTM A106 GR B,NOS,ASTM A106 GR B,2026-09-25 07:08:16.084052+00:00,SEAMLESS PIPE SIZE 200 MM MOC CARBON STEEL NA END CONNECTION NA SCHEDULE 40 STD ASTM A106 GR B,EACH,PIPE,PIPE,CS,200.0,,40,UNKNOWN,ASTMA106,CARBON STEEL PIPE DN200 SCH40,VLV-BALLVALVE-SS316-DN15-CL150-00001-6,STAINLESS STEEL 316 BALL VALVE DN15 CL150 RF,GAIL|GA-00044,MAT0047
GAIL,GA-00045,SEAMLESS PIPE SIZE 250MM MOC CS NA END CONNECTION NA SCHEDULE 40 STD ASTM A106 GR B,,ASTM A106 GR B,2026-09-25 07:08:16.084052+00:00,SEAMLESS PIPE SIZE 250 MM MOC CARBON STEEL NA END CONNECTION NA SCHEDULE 40 STD ASTM A106 GR B,EACH,PIPE,PIPE,CS,250.0,,40,UNKNOWN,ASTMA106,CARBON STEEL PIPE DN250 SCH40,VLV-BALLVALVE-SS316-DN15-CL150-00001-6,STAINLESS STEEL 316 BALL VALVE DN15 CL150 RF,GAIL|GA-00045,MAT0048
GAIL,GA-00046,SEAMLESS PIPE SIZE 300MM MOC CS NA END CONNECTION NA SCHEDULE 40 STD ASTM A106 GR B,SET,ASTM A106 GR B,2026-09-25 07:08:16.084052+00:00,SEAMLESS PIPE SIZE 300 MM MOC CARBON STEEL NA END CONNECTION NA SCHEDULE 40 STD ASTM A106 GR B,SET,PIPE,PIPE,CS,300.0,,40,UNKNOWN,ASTMA106,CARBON STEEL PIPE DN300 SCH40,VLV-BALLVALVE-SS316-DN15-CL150-00001-6,STAINLESS STEEL 316 BALL VALVE DN15 CL150 RF,GAIL|GA-00046,MAT0049
GAIL,GA-00047,SEAMLESS PIPE SIZE 50MM MOC SS304 NA END CONNECTION NA SCHEDULE 80 STD ASTM A312 TP304L,,ASTM A312 TP304L,2026-09-25 07:08:16.084052+00:00,SEAMLESS PIPE SIZE 50 MM MOC STAINLESS STEEL 304 NA END CONNECTION NA SCHEDULE 80 STD ASTM A312 TP304L,EACH,PIPE,PIPE,SS304,50.0,,80,UNKNOWN,ASTMA312,STAINLESS STEEL 304 PIPE DN50 SCH80,VLV-BALLVALVE-SS316-DN15-CL150-00001-6,STAINLESS STEEL 316 BALL VALVE DN15 CL150 RF,GAIL|GA-00047,MAT0051
GAIL,GA-00048,SEAMLESS PIPE SIZE 80MM MOC SS304 NA END CONNECTION NA SCHEDULE 80 STD ASTM A312 TP304L,SET,ASTM A312 TP304L,2026-09-25 07:08:16.084052+00:00,SEAMLESS PIPE SIZE 80 MM MOC STAINLESS STEEL 304 NA END CONNECTION NA SCHEDULE 80 STD ASTM A312 TP304L,SET,PIPE,PIPE,SS304,80.0,,80,UNKNOWN,ASTMA312,STAINLESS STEEL 304 PIPE DN80 SCH80,VLV-BALLVALVE-SS316-DN15-CL150-00001-6,STAINLESS STEEL 316 BALL VALVE DN15 CL150 RF,GAIL|GA-00048,MAT0052
GAIL,GA-00049,SEAMLESS PIPE SIZE 100MM MOC SS304 NA END CONNECTION NA SCHEDULE 80 STD ASTM A312 TP304L,SET,ASTM A312 TP304L,2026-09-25 07:08:16.084052+00:00,SEAMLESS PIPE SIZE 100 MM MOC STAINLESS STEEL 304 NA END CONNECTION NA SCHEDULE 80 STD ASTM A312 TP304L,SET,PIPE,PIPE,SS304,100.0,,80,UNKNOWN,ASTMA312,STAINLESS STEEL 304 PIPE DN100 SCH80,VLV-BALLVALVE-SS316-DN15-CL150-00001-6,STAINLESS STEEL 316 BALL VALVE DN15 CL150 RF,GAIL|GA-00049,MAT0053
GAIL,GA-00050,SEAMLESS PIPE SIZE 150MM MOC SS304 NA END CONNECTION NA SCHEDULE 80 STD ASTM A312 TP304L,SET,ASTM A312 TP304L,2026-09-25 07:08:16.084052+00:00,SEAMLESS PIPE SIZE 150 MM MOC STAINLESS STEEL 304 NA END CONNECTION NA SCHEDULE 80 STD ASTM A312 TP304L,SET,PIPE,PIPE,SS304,150.0,,80,UNKNOWN,ASTMA312,STAINLESS STEEL 304 PIPE DN150 SCH80,VLV-BALLVALVE-SS316-DN15-CL150-00001-6,STAINLESS STEEL 316 BALL VALVE DN15 CL150 RF,GAIL|GA-00050,MAT0054
GAIL,GA-00051,WELDED PIPE SIZE 250MM MOC SS304 NA END CONNECTION NA SCHEDULE 80 STD ASTM A312 TP304L,SET,ASTM A312 TP304L,2026-09-25 07:08:16.084052+00:00,WELDED PIPE SIZE 250 MM MOC STAINLESS STEEL 304 NA END CONNECTION NA SCHEDULE 80 STD ASTM A312 TP304L,SET,PIPE,PIPE,SS304,250.0,,80,UNKNOWN,ASTMA312,STAINLESS STEEL 304 PIPE DN250 SCH80,VLV-BALLVALVE-SS316-DN15-CL150-00001-6,STAINLESS STEEL 316 BALL VALVE DN15 CL150 RF,GAIL|GA-00051,MAT0055
GAIL,GA-00052,WELDED PIPE SIZE 300MM MOC SS304 NA END CONNECTION NA SCHEDULE 80 STD ASTM A312 TP304L,NOS,ASTM A312 TP304L,2026-09-25 07:08:16.084052+00:00,WELDED PIPE SIZE 300 MM MOC STAINLESS STEEL 304 NA END CONNECTION NA SCHEDULE 80 STD ASTM A312 TP304L,EACH,PIPE,PIPE,SS304,300.0,,80,UNKNOWN,ASTMA312,STAINLESS STEEL 304 PIPE DN300 SCH80,VLV-BALLVALVE-SS316-DN15-CL150-00001-6,STAINLESS STEEL 316 BALL VALVE DN15 CL150 RF,GAIL|GA-00052,MAT0056
GAIL,GA-00053,WELD NECK FLANGE SIZE 50MM MOC CS PRESSURE CLASS 150 END CONNECTION RF STD ASTM A105,NOS,ASTM A105,2026-09-25 07:08:16.084052+00:00,WELD NECK FLANGE SIZE 50 MM MOC CARBON STEEL PRESSURE CLASS 150 END CONNECTION RAISED FACE STD ASTM A105,EACH,FLANGE,FLANGE,CS,50.0,150.0,,RF,ASTMA105,CARBON STEEL FLANGE DN50 CL150 RF,VLV-BALLVALVE-SS316-DN15-CL150-00001-6,STAINLESS STEEL 316 BALL VALVE DN15 CL150 RF,GAIL|GA-00053,MAT0057
GAIL,GA-00054,WELD NECK FLANGE SIZE 80MM MOC CS PRESSURE CLASS 150 END CONNECTION RF STD ASTM A105,0,ASTM A105,2026-09-25 07:08:16.084052+00:00,WELD NECK FLANGE SIZE 80 MM MOC CARBON STEEL PRESSURE CLASS 150 END CONNECTION RAISED FACE STD ASTM A105,EACH,FLANGE,FLANGE,CS,80.0,150.0,,RF,ASTMA105,CARBON STEEL FLANGE DN80 CL150 RF,VLV-BALLVALVE-SS316-DN15-CL150-00001-6,STAINLESS STEEL 316 BALL VALVE DN15 CL150 RF,GAIL|GA-00054,MAT0058
GAIL,GA-00055,WELD NECK FLANGE SIZE 100MM MOC CS PRESSURE CLASS 150 END CONNECTION RF STD ASTM A105,NOS,ASTM A105,2026-09-25 07:08:16.084052+00:00,WELD NECK FLANGE SIZE 100 MM MOC CARBON STEEL PRESSURE CLASS 150 END CONNECTION RAISED FACE STD ASTM A105,EACH,FLANGE,FLANGE,CS,100.0,150.0,,RF,ASTMA105,CARBON STEEL FLANGE DN100 CL150 RF,VLV-BALLVALVE-SS316-DN15-CL150-00001-6,STAINLESS STEEL 316 BALL VALVE DN15 CL150 RF,GAIL|GA-00055,MAT0059
GAIL,GA-00056,WELD NECK FLANGE SIZE 150MM MOC CS PRESSURE CLASS 150 END CONNECTION RF STD ASTM A105,NOS,ASTM A105,2026-09-25 07:08:16.084052+00:00,WELD NECK FLANGE SIZE 150 MM MOC CARBON STEEL PRESSURE CLASS 150 END CONNECTION RAISED FACE STD ASTM A105,EACH,FLANGE,FLANGE,CS,150.0,150.0,,RF,ASTMA105,CARBON STEEL FLANGE DN150 CL150 RF,VLV-BALLVALVE-SS316-DN15-CL150-00001-6,STAINLESS STEEL 316 BALL VALVE DN15 CL150 RF,GAIL|GA-00056,MAT0060
GAIL,GA-00057,WELD NECK FLANGE SIZE 200MM MOC CS PRESSURE CLASS 150 END CONNECTION RF STD ASTM A105,,ASTM A105,2026-09-25 07:08:16.084052+00:00,WELD NECK FLANGE SIZE 200 MM MOC CARBON STEEL PRESSURE CLASS 150 END CONNECTION RAISED FACE STD ASTM A105,EACH,FLANGE,FLANGE,CS,200.0,150.0,,RF,ASTMA105,CARBON STEEL FLANGE DN200 CL150 RF,VLV-BALLVALVE-SS316-DN15-CL150-00001-6,STAINLESS STEEL 316 BALL VALVE DN15 CL150 RF,GAIL|GA-00057,MAT0061
GAIL,GA-00058,WELD NECK FLANGE SIZE 50MM MOC CS PRESSURE CLASS 300 END CONNECTION RF STD ASTM A105,SET,ASTM A105,2026-09-25 07:08:16.084052+00:00,WELD NECK FLANGE SIZE 50 MM MOC CARBON STEEL PRESSURE CLASS 300 END CONNECTION RAISED FACE STD ASTM A105,SET,FLANGE,FLANGE,CS,50.0,300.0,,RF,ASTMA105,CARBON STEEL FLANGE DN50 CL300 RF,VLV-BALLVALVE-SS316-DN15-CL150-00001-6,STAINLESS STEEL 316 BALL VALVE DN15 CL150 RF,GAIL|GA-00058,MAT0062
GAIL,GA-00059,WELD NECK FLANGE SIZE 80MM MOC CS PRESSURE CLASS 300 END CONNECTION RF STD ASTM A105,NOS,ASTM A105,2026-09-25 07:08:16.084052+00:00,WELD NECK FLANGE SIZE 80 MM MOC CARBON STEEL PRESSURE CLASS 300 END CONNECTION RAISED FACE STD ASTM A105,EACH,FLANGE,FLANGE,CS,80.0,300.0,,RF,ASTMA105,CARBON STEEL FLANGE DN80 CL300 RF,VLV-BALLVALVE-SS316-DN15-CL150-00001-6,STAINLESS STEEL 316 BALL VALVE DN15 CL150 RF,GAIL|GA-00059,MAT0063
GAIL,GA-00060,WELD NECK FLANGE SIZE 100MM MOC CS PRESSURE CLASS 300 END CONNECTION RF STD ASTM A105  ,SET,ASTM A105,2026-09-25 07:08:16.084052+00:00,WELD NECK FLANGE SIZE 100 MM MOC CARBON STEEL PRESSURE CLASS 300 END CONNECTION RAISED FACE STD ASTM A105,SET,FLANGE,FLANGE,CS,100.0,300.0,,RF,ASTMA105,CARBON STEEL FLANGE DN100 CL300 RF,VLV-BALLVALVE-SS316-DN15-CL150-00001-6,STAINLESS STEEL 316 BALL VALVE DN15 CL150 RF,GAIL|GA-00060,MAT0064
GAIL,GA-00061,BLIND FLANGE SIZE 50MM MOC SS316 PRESSURE CLASS 150 END CONNECTION RTJ STD ASTM A182,SET,ASTM A182,2026-09-25 07:08:16.084052+00:00,BLIND FLANGE SIZE 50 MM MOC STAINLESS STEEL 316 PRESSURE CLASS 150 END CONNECTION RING TYPE JOINT STD ASTM A182,SET,FLANGE,FLANGE,SS316,50.0,150.0,,RTJ,ASTMA182,STAINLESS STEEL 316 FLANGE DN50 CL150 RTJ,VLV-BALLVALVE-SS316-DN15-CL150-00001-6,STAINLESS STEEL 316 BALL VALVE DN15 CL150 RF,GAIL|GA-00061,MAT0065
GAIL,GA-00062,BLIND FLANGE SIZE 50MM MOC SS316 PRESSURE CLASS 300 END CONNECTION RTJ STD ASTM A182,SET,ASTM A182,2026-09-25 07:08:16.084052+00:00,BLIND FLANGE SIZE 50 MM MOC STAINLESS STEEL 316 PRESSURE CLASS 300 END CONNECTION RING TYPE JOINT STD ASTM A182,SET,FLANGE,FLANGE,SS316,50.0,300.0,,RTJ,ASTMA182,STAINLESS STEEL 316 FLANGE DN50 CL300 RTJ,VLV-BALLVALVE-SS316-DN15-CL150-00001-6,STAINLESS STEEL 316 BALL VALVE DN15 CL150 RF,GAIL|GA-00062,MAT0066
GAIL,GA-00063,BLIND FLANGE SIZE 80MM MOC SS316 PRESSURE CLASS 150 END CONNECTION RTJ STD ASTM A182,NOS,ASTM A182,2026-09-25 07:08:16.084052+00:00,BLIND FLANGE SIZE 80 MM MOC STAINLESS STEEL 316 PRESSURE CLASS 150 END CONNECTION RING TYPE JOINT STD ASTM A182,EACH,FLANGE,FLANGE,SS316,80.0,150.0,,RTJ,ASTMA182,STAINLESS STEEL 316 FLANGE DN80 CL150 RTJ,VLV-BALLVALVE-SS316-DN15-CL150-00001-6,STAINLESS STEEL 316 BALL VALVE DN15 CL150 RF,GAIL|GA-00063,MAT0067
GAIL,GA-00064,BLIND FLANGE SIZE 80MM MOC SS316 PRESSURE CLASS 300 END CONNECTION RTJ STD ASTM A182,SET,ASTM A182,2026-09-25 07:08:16.084052+00:00,BLIND FLANGE SIZE 80 MM MOC STAINLESS STEEL 316 PRESSURE CLASS 300 END CONNECTION RING TYPE JOINT STD ASTM A182,SET,FLANGE,FLANGE,SS316,80.0,300.0,,RTJ,ASTMA182,STAINLESS STEEL 316 FLANGE DN80 CL300 RTJ,VLV-BALLVALVE-SS316-DN15-CL150-00001-6,STAINLESS STEEL 316 BALL VALVE DN15 CL150 RF,GAIL|GA-00064,MAT0068
GAIL,GA-00065,SPIRAL WOUND GASKET SIZE 50MM MOC SS316 PRESSURE CLASS 150 END CONNECTION NA STD ASME B16.20,SET,ASME B16.20,2026-09-25 07:08:16.084052+00:00,SPIRAL WOUND GASKET SIZE 50 MM MOC STAINLESS STEEL 316 PRESSURE CLASS 150 END CONNECTION NA STD ASME B16.20,SET,GASKET,GASKET,SS316,50.0,150.0,,UNKNOWN,ASMEB16.20,STAINLESS STEEL 316 GASKET DN50 CL150,VLV-BALLVALVE-SS316-DN15-CL150-00001-6,STAINLESS STEEL 316 BALL VALVE DN15 CL150 RF,GAIL|GA-00065,MAT0069
GAIL,GA-00066,SPIRAL WOUND GASKET SIZE 80MM MOC SS316 PRESSURE CLASS 150 END CONNECTION NA STD ASME B16.20  ,SET,ASME B16.20,2026-09-25 07:08:16.084052+00:00,SPIRAL WOUND GASKET SIZE 80 MM MOC STAINLESS STEEL 316 PRESSURE CLASS 150 END CONNECTION NA STD ASME B16.20,SET,GASKET,GASKET,SS316,80.0,150.0,,UNKNOWN,ASMEB16.20,STAINLESS STEEL 316 GASKET DN80 CL150,VLV-BALLVALVE-SS316-DN15-CL150-00001-6,STAINLESS STEEL 316 BALL VALVE DN15 CL150 RF,GAIL|GA-00066,MAT0070
GAIL,GA-00067,SPIRAL WOUND GASKET SIZE 100MM MOC SS316 PRESSURE CLASS 150 END CONNECTION NA STD ASME B16.20,NOS,ASME B16.20,2026-09-25 07:08:16.084052+00:00,SPIRAL WOUND GASKET SIZE 100 MM MOC STAINLESS STEEL 316 PRESSURE CLASS 150 END CONNECTION NA STD ASME B16.20,EACH,GASKET,GASKET,SS316,100.0,150.0,,UNKNOWN,ASMEB16.20,STAINLESS STEEL 316 GASKET DN100 CL150,VLV-BALLVALVE-SS316-DN15-CL150-00001-6,STAINLESS STEEL 316 BALL VALVE DN15 CL150 RF,GAIL|GA-00067,MAT0071
GAIL,GA-00068,SPIRAL WOUND GASKET SIZE 150MM MOC SS316 PRESSURE CLASS 150 END CONNECTION NA STD ASME B16.20,SET,ASME B16.20,2026-09-25 07:08:16.084052+00:00,SPIRAL WOUND GASKET SIZE 150 MM MOC STAINLESS STEEL 316 PRESSURE CLASS 150 END CONNECTION NA STD ASME B16.20,SET,GASKET,GASKET,SS316,150.0,150.0,,UNKNOWN,ASMEB16.20,STAINLESS STEEL 316 GASKET DN150 CL150,VLV-BALLVALVE-SS316-DN15-CL150-00001-6,STAINLESS STEEL 316 BALL VALVE DN15 CL150 RF,GAIL|GA-00068,MAT0072
GAIL,GA-00069,SPIRAL WOUND GASKET SIZE 200MM MOC SS316 PRESSURE CLASS 150 END CONNECTION NA STD ASME B16.20,SET,ASME B16.20,2026-09-25 07:08:16.084052+00:00,SPIRAL WOUND GASKET SIZE 200 MM MOC STAINLESS STEEL 316 PRESSURE CLASS 150 END CONNECTION NA STD ASME B16.20,SET,GASKET,GASKET,SS316,200.0,150.0,,UNKNOWN,ASMEB16.20,STAINLESS STEEL 316 GASKET DN200 CL150,VLV-BALLVALVE-SS316-DN15-CL150-00001-6,STAINLESS STEEL 316 BALL VALVE DN15 CL150 RF,GAIL|GA-00069,MAT0073
GAIL,GA-00070,SPIRAL WOUND GASKET SIZE 50MM MOC SS316 PRESSURE CLASS 300 END CONNECTION NA STD ASME B16.20,nos,ASME B16.20,2026-09-25 07:08:16.084052+00:00,SPIRAL WOUND GASKET SIZE 50 MM MOC STAINLESS STEEL 316 PRESSURE CLASS 300 END CONNECTION NA STD ASME B16.20,EACH,GASKET,GASKET,SS316,50.0,300.0,,UNKNOWN,ASMEB16.20,STAINLESS STEEL 316 GASKET DN50 CL300,VLV-BALLVALVE-SS316-DN15-CL150-00001-6,STAINLESS STEEL 316 BALL VALVE DN15 CL150 RF,GAIL|GA-00070,MAT0074
GAIL,GA-00071,SPIRAL WOUND GASKET SIZE 80MM MOC SS316 PRESSURE CLASS 300 END CONNECTION NA STD ASME B16.20,NOS,ASME B16.20,2026-09-25 07:08:16.084052+00:00,SPIRAL WOUND GASKET SIZE 80 MM MOC STAINLESS STEEL 316 PRESSURE CLASS 300 END CONNECTION NA STD ASME B16.20,EACH,GASKET,GASKET,SS316,80.0,300.0,,UNKNOWN,ASMEB16.20,STAINLESS STEEL 316 GASKET DN80 CL300,VLV-BALLVALVE-SS316-DN15-CL150-00001-6,STAINLESS STEEL 316 BALL VALVE DN15 CL150 RF,GAIL|GA-00071,MAT0075
GAIL,GA-00072,SPIRAL WOUND GASKET SIZE 100MM MOC SS316 PRESSURE CLASS 300 END CONNECTION NA STD ASME B16.20,SET,ASME B16.20,2026-09-25 07:08:16.084052+00:00,SPIRAL WOUND GASKET SIZE 100 MM MOC STAINLESS STEEL 316 PRESSURE CLASS 300 END CONNECTION NA STD ASME B16.20,SET,GASKET,GASKET,SS316,100.0,300.0,,UNKNOWN,ASMEB16.20,STAINLESS STEEL 316 GASKET DN100 CL300,VLV-BALLVALVE-SS316-DN15-CL150-00001-6,STAINLESS STEEL 316 BALL VALVE DN15 CL150 RF,GAIL|GA-00072,MAT0076
GAIL,GA-00073,RING JOINT GASKET SIZE 25MM MOC SS316 PRESSURE CLASS 150 END CONNECTION NA STD ASME B16.20,NOS,ASME B16.20,2026-09-25 07:08:16.084052+00:00,RING JOINT GASKET SIZE 25 MM MOC STAINLESS STEEL 316 PRESSURE CLASS 150 END CONNECTION NA STD ASME B16.20,EACH,GASKET,GASKET,SS316,25.0,150.0,,UNKNOWN,ASMEB16.20,STAINLESS STEEL 316 GASKET DN25 CL150,VLV-BALLVALVE-SS316-DN15-CL150-00001-6,STAINLESS STEEL 316 BALL VALVE DN15 CL150 RF,GAIL|GA-00073,MAT0078
GAIL,GA-00074,RING JOINT GASKET SIZE 50MM MOC SS316 PRESSURE CLASS 150 END CONNECTION NA STD ASME B16.20,SET,ASME B16.20,2026-09-25 07:08:16.084052+00:00,RING JOINT GASKET SIZE 50 MM MOC STAINLESS STEEL 316 PRESSURE CLASS 150 END CONNECTION NA STD ASME B16.20,SET,GASKET,GASKET,SS316,50.0,150.0,,UNKNOWN,ASMEB16.20,STAINLESS STEEL 316 GASKET DN50 CL150,VLV-BALLVALVE-SS316-DN15-CL150-00001-6,STAINLESS STEEL 316 BALL VALVE DN15 CL150 RF,GAIL|GA-00074,MAT0079
GAIL,GA-00075,RING JOINT GASKET SIZE 80MM MOC SS316 PRESSURE CLASS 150 END CONNECTION NA STD ASME B16.20,SET,ASME B16.20,2026-09-25 07:08:16.084052+00:00,RING JOINT GASKET SIZE 80 MM MOC STAINLESS STEEL 316 PRESSURE CLASS 150 END CONNECTION NA STD ASME B16.20,SET,GASKET,GASKET,SS316,80.0,150.0,,UNKNOWN,ASMEB16.20,STAINLESS STEEL 316 GASKET DN80 CL150,VLV-BALLVALVE-SS316-DN15-CL150-00001-6,STAINLESS STEEL 316 BALL VALVE DN15 CL150 RF,GAIL|GA-00075,MAT0080
GAIL,GA-00076,RING JOINT GASKET SIZE 100MM MOC SS316 PRESSURE CLASS 150 END CONNECTION NA STD ASME B16.20,NOS,ASME B16.20,2026-09-25 07:08:16.084052+00:00,RING JOINT GASKET SIZE 100 MM MOC STAINLESS STEEL 316 PRESSURE CLASS 150 END CONNECTION NA STD ASME B16.20,EACH,GASKET,GASKET,SS316,100.0,150.0,,UNKNOWN,ASMEB16.20,STAINLESS STEEL 316 GASKET DN100 CL150,VLV-BALLVALVE-SS316-DN15-CL150-00001-6,STAINLESS STEEL 316 BALL VALVE DN15 CL150 RF,GAIL|GA-00076,MAT0081
GAIL,GA-00077,ELBOW 90 DEG SIZE 50MM MOC CS NA END CONNECTION BW SCHEDULE 40 STD ASTM A234 WPB,0,ASTM A234 WPB,2026-09-25 07:08:16.084052+00:00,ELBOW 90 DEG SIZE 50 MM MOC CARBON STEEL NA END CONNECTION BUTT WELD SCHEDULE 40 STD ASTM A234 WPB,EACH,FITTING,ELBOW,CS,50.0,,40,BW,ASTMA234,CARBON STEEL ELBOW DN50 SCH40 BW,VLV-BALLVALVE-SS316-DN15-CL150-00001-6,STAINLESS STEEL 316 BALL VALVE DN15 CL150 RF,GAIL|GA-00077,MAT0082
GAIL,GA-00078,  ELBOW 90 DEG SIZE 80MM MOC CS NA END CONNECTION BW SCHEDULE 40 STD ASTM A234 WPB,NOS,ASTM A234 WPB,2026-09-25 07:08:16.084052+00:00,ELBOW 90 DEG SIZE 80 MM MOC CARBON STEEL NA END CONNECTION BUTT WELD SCHEDULE 40 STD ASTM A234 WPB,EACH,FITTING,ELBOW,CS,80.0,,40,BW,ASTMA234,CARBON STEEL ELBOW DN80 SCH40 BW,VLV-BALLVALVE-SS316-DN15-CL150-00001-6,STAINLESS STEEL 316 BALL VALVE DN15 CL150 RF,GAIL|GA-00078,MAT0083
GAIL,GA-00079,ELBOW 90 DEG SIZE 100MM MOC CS NA END CONNECTION BW SCHEDULE 40 STD ASTM A234 WPB,NOS,ASTM A234 WPB,2026-09-25 07:08:16.084052+00:00,ELBOW 90 DEG SIZE 100 MM MOC CARBON STEEL NA END CONNECTION BUTT WELD SCHEDULE 40 STD ASTM A234 WPB,EACH,FITTING,ELBOW,CS,100.0,,40,BW,ASTMA234,CARBON STEEL ELBOW DN100 SCH40 BW,VLV-BALLVALVE-SS316-DN15-CL150-00001-6,STAINLESS STEEL 316 BALL VALVE DN15 CL150 RF,GAIL|GA-00079,MAT0084
GAIL,GA-00080,ELBOW 90 DEG SIZE 150MM MOC CS NA END CONNECTION BW SCHEDULE 40 STD ASTM A234 WPB,NOS,ASTM A234 WPB,2026-09-25 07:08:16.084052+00:00,ELBOW 90 DEG SIZE 150 MM MOC CARBON STEEL NA END CONNECTION BUTT WELD SCHEDULE 40 STD ASTM A234 WPB,EACH,FITTING,ELBOW,CS,150.0,,40,BW,ASTMA234,CARBON STEEL ELBOW DN150 SCH40 BW,VLV-BALLVALVE-SS316-DN15-CL150-00001-6,STAINLESS STEEL 316 BALL VALVE DN15 CL150 RF,GAIL|GA-00080,MAT0085
GAIL,GA-00081,ELBOW 45 DEG SIZE 50MM MOC CS NA END CONNECTION BW SCHEDULE 40 STD ASTM A234 WPB,SET,ASTM A234 WPB,2026-09-25 07:08:16.084052+00:00,ELBOW 45 DEG SIZE 50 MM MOC CARBON STEEL NA END CONNECTION BUTT WELD SCHEDULE 40 STD ASTM A234 WPB,SET,FITTING,ELBOW,CS,50.0,,40,BW,ASTMA234,CARBON STEEL ELBOW DN50 SCH40 BW,VLV-BALLVALVE-SS316-DN15-CL150-00001-6,STAINLESS STEEL 316 BALL VALVE DN15 CL150 RF,GAIL|GA-00081,MAT0086
GAIL,GA-00082,ELBOW 45 DEG SIZE 80MM MOC CS NA END CONNECTION BW SCHEDULE 40 STD ASTM A234 WPB,SET,ASTM A234 WPB,2026-09-25 07:08:16.084052+00:00,ELBOW 45 DEG SIZE 80 MM MOC CARBON STEEL NA END CONNECTION BUTT WELD SCHEDULE 40 STD ASTM A234 WPB,SET,FITTING,ELBOW,CS,80.0,,40,BW,ASTMA234,CARBON STEEL ELBOW DN80 SCH40 BW,VLV-BALLVALVE-SS316-DN15-CL150-00001-6,STAINLESS STEEL 316 BALL VALVE DN15 CL150 RF,GAIL|GA-00082,MAT0087
GAIL,GA-00083,EQUAL TEE SIZE 100MM MOC SS316 NA END CONNECTION BW SCHEDULE 80 STD ASTM A403 WP316,NOS,ASTM A403 WP316,2026-09-25 07:08:16.084052+00:00,EQUAL TEE SIZE 100 MM MOC STAINLESS STEEL 316 NA END CONNECTION BUTT WELD SCHEDULE 80 STD ASTM A403 WP316,EACH,FITTING,TEE,SS316,100.0,,80,BW,ASTMA403,STAINLESS STEEL 316 TEE DN100 SCH80 BW,VLV-BALLVALVE-SS316-DN15-CL150-00001-6,STAINLESS STEEL 316 BALL VALVE DN15 CL150 RF,GAIL|GA-00083,MAT0089
GAIL,GA-00084,EQUAL TEE SIZE 150MM MOC SS316 NA END CONNECTION BW SCHEDULE 80 STD ASTM A403 WP316,NOS,ASTM A403 WP316,2026-09-25 07:08:16.084052+00:00,EQUAL TEE SIZE 150 MM MOC STAINLESS STEEL 316 NA END CONNECTION BUTT WELD SCHEDULE 80 STD ASTM A403 WP316,EACH,FITTING,TEE,SS316,150.0,,80,BW,ASTMA403,STAINLESS STEEL 316 TEE DN150 SCH80 BW,VLV-BALLVALVE-SS316-DN15-CL150-00001-6,STAINLESS STEEL 316 BALL VALVE DN15 CL150 RF,GAIL|GA-00084,MAT0090
GAIL,GA-00085,CONC REDUCER SIZE 100MM MOC CS NA END CONNECTION BW SCHEDULE 40 STD ASTM A234 WPB,SET,ASTM A234 WPB,2026-09-25 07:08:16.084052+00:00,CONC REDUCER SIZE 100 MM MOC CARBON STEEL NA END CONNECTION BUTT WELD SCHEDULE 40 STD ASTM A234 WPB,SET,FITTING,TEE,CS,100.0,,40,BW,ASTMA234,CARBON STEEL TEE DN100 SCH40 BW,VLV-BALLVALVE-SS316-DN15-CL150-00001-6,STAINLESS STEEL 316 BALL VALVE DN15 CL150 RF,GAIL|GA-00085,MAT0091
GAIL,GA-00086,CONC REDUCER SIZE 150MM MOC CS NA END CONNECTION BW SCHEDULE 40 STD ASTM A234 WPB,NOS,ASTM A234 WPB,2026-09-25 07:08:16.084052+00:00,CONC REDUCER SIZE 150 MM MOC CARBON STEEL NA END CONNECTION BUTT WELD SCHEDULE 40 STD ASTM A234 WPB,EACH,FITTING,TEE,CS,150.0,,40,BW,ASTMA234,CARBON STEEL TEE DN150 SCH40 BW,VLV-BALLVALVE-SS316-DN15-CL150-00001-6,STAINLESS STEEL 316 BALL VALVE DN15 CL150 RF,GAIL|GA-00086,MAT0092
GAIL,GA-00087,STUD BOLT SIZE NA MOC CS NA END CONNECTION NA STD ASTM A193 B7 M16,NOS,ASTM A193 B7,2026-09-25 07:08:16.084052+00:00,STUD BOLT SIZE NA MOC CARBON STEEL NA END CONNECTION NA STD ASTM A193 B7 M16,EACH,FITTING,TEE,CS,,,,UNKNOWN,ASTMA193,CARBON STEEL TEE,VLV-BALLVALVE-SS316-DN15-CL150-00001-6,STAINLESS STEEL 316 BALL VALVE DN15 CL150 RF,GAIL|GA-00087,MAT0093
GAIL,GA-00088,STUD BOLT SIZE NA MOC CS NA END CONNECTION NA STD ASTM A193 B7 M20,SET,ASTM A193 B7,2026-09-25 07:08:16.084052+00:00,STUD BOLT SIZE NA MOC CARBON STEEL NA END CONNECTION NA STD ASTM A193 B7 M20,SET,FITTING,TEE,CS,,,,UNKNOWN,ASTMA193,CARBON STEEL TEE,VLV-BALLVALVE-SS316-DN15-CL150-00001-6,STAINLESS STEEL 316 BALL VALVE DN15 CL150 RF,GAIL|GA-00088,MAT0094
GAIL,GA-00089,BALL BEARING SIZE NA MOC STEEL NA END CONNECTION NA STD ISO 6205 2RS,SET,ISO,2026-09-25 07:08:16.084052+00:00,BALL BEARING SIZE NA MOC STEEL NA END CONNECTION NA STD ISO 6205 2RS,SET,FITTING,TEE,UNKNOWN,,,,UNKNOWN,ISO,TEE,VLV-BALLVALVE-SS316-DN15-CL150-00001-6,STAINLESS STEEL 316 BALL VALVE DN15 CL150 RF,GAIL|GA-00089,MAT0096
GAIL,GA-00090,BALL BEARING SIZE NA MOC STEEL NA END CONNECTION NA STD ISO 6206 2RS,,ISO,2026-09-25 07:08:16.084052+00:00,BALL BEARING SIZE NA MOC STEEL NA END CONNECTION NA STD ISO 6206 2RS,EACH,FITTING,TEE,UNKNOWN,,,,UNKNOWN,ISO,TEE,VLV-BALLVALVE-SS316-DN15-CL150-00001-6,STAINLESS STEEL 316 BALL VALVE DN15 CL150 RF,GAIL|GA-00090,MAT0097
GAIL,GA-00091,BALL BEARING SIZE NA MOC STEEL NA END CONNECTION NA STD ISO 6208 2RS,NOS,ISO,2026-09-25 07:08:16.084052+00:00,BALL BEARING SIZE NA MOC STEEL NA END CONNECTION NA STD ISO 6208 2RS,EACH,FITTING,TEE,UNKNOWN,,,,UNKNOWN,ISO,TEE,VLV-BALLVALVE-SS316-DN15-CL150-00001-6,STAINLESS STEEL 316 BALL VALVE DN15 CL150 RF,GAIL|GA-00091,MAT0098
GAIL,GA-00092,BALL BEARING SIZE NA MOC STEEL NA END CONNECTION NA STD ISO NU205,NOS,ISO,2026-09-25 07:08:16.084052+00:00,BALL BEARING SIZE NA MOC STEEL NA END CONNECTION NA STD ISO NU205,EACH,FITTING,TEE,UNKNOWN,,,,UNKNOWN,ISO,TEE,VLV-BALLVALVE-SS316-DN15-CL150-00001-6,STAINLESS STEEL 316 BALL VALVE DN15 CL150 RF,GAIL|GA-00092,MAT0099
GAIL,GA-00093,BALL BEARING SIZE NA MOC STEEL NA END CONNECTION NA STD ISO NU206,nos,ISO,2026-09-25 07:08:16.084052+00:00,BALL BEARING SIZE NA MOC STEEL NA END CONNECTION NA STD ISO NU206,EACH,FITTING,TEE,UNKNOWN,,,,UNKNOWN,ISO,TEE,VLV-BALLVALVE-SS316-DN15-CL150-00001-6,STAINLESS STEEL 316 BALL VALVE DN15 CL150 RF,GAIL|GA-00093,MAT0100
GAIL,GA-00094,"CENTRIFUGAL PUMP SIZE NA MOC CS NA END CONNECTION NA 50 M3/HR, 30M HEAD",SET,,2026-09-25 07:08:16.084052+00:00,CENTRIFUGAL PUMP SIZE NA MOC CARBON STEEL NA END CONNECTION NA 50 M3/HR 30M HEAD,SET,FITTING,TEE,CS,,,,UNKNOWN,,CARBON STEEL TEE,VLV-BALLVALVE-SS316-DN15-CL150-00001-6,STAINLESS STEEL 316 BALL VALVE DN15 CL150 RF,GAIL|GA-00094,MAT0101
GAIL,GA-00095,"CENTRIFUGAL PUMP SIZE NA MOC SS316 NA END CONNECTION NA 50 M3/HR, 30M HEAD",0,,2026-09-25 07:08:16.084052+00:00,CENTRIFUGAL PUMP SIZE NA MOC STAINLESS STEEL 316 NA END CONNECTION NA 50 M3/HR 30M HEAD,EACH,FITTING,TEE,SS316,,,,UNKNOWN,,STAINLESS STEEL 316 TEE,VLV-BALLVALVE-SS316-DN15-CL150-00001-6,STAINLESS STEEL 316 BALL VALVE DN15 CL150 RF,GAIL|GA-00095,MAT0102
GAIL,GA-00096,"INDUCTION MOTOR SIZE NA MOC STEEL NA END CONNECTION NA 3PH, 11KW, 415V, 1500 RPM, IE3",SET,,2026-09-25 07:08:16.084052+00:00,INDUCTION MOTOR SIZE NA MOC STEEL NA END CONNECTION NA 3PH 11KW 415V 1500 RPM IE3,SET,FITTING,TEE,UNKNOWN,,,,UNKNOWN,,TEE,VLV-BALLVALVE-SS316-DN15-CL150-00001-6,STAINLESS STEEL 316 BALL VALVE DN15 CL150 RF,GAIL|GA-00096,MAT0103
GAIL,GA-00097,"INDUCTION MOTOR SIZE NA MOC STEEL NA END CONNECTION NA 3PH, 15KW, 415V, 1500 RPM, IE3",NOS,,2026-09-25 07:08:16.084052+00:00,INDUCTION MOTOR SIZE NA MOC STEEL NA END CONNECTION NA 3PH 15KW 415V 1500 RPM IE3,EACH,FITTING,TEE,UNKNOWN,,,,UNKNOWN,,TEE,VLV-BALLVALVE-SS316-DN15-CL150-00001-6,STAINLESS STEEL 316 BALL VALVE DN15 CL150 RF,GAIL|GA-00097,MAT0104
GAIL,GA-00098,"PRESSURE TRANSMITTER SIZE NA MOC SS316 NA END CONNECTION NA 0-100 BAR, 4-20mA, HART",SET,,2026-09-25 07:08:16.084052+00:00,PRESSURE TRANSMITTER SIZE NA MOC STAINLESS STEEL 316 NA END CONNECTION NA 0-100 BAR 4-20MA HART,SET,FITTING,TEE,SS316,,,,UNKNOWN,,STAINLESS STEEL 316 TEE,VLV-BALLVALVE-SS316-DN15-CL150-00001-6,STAINLESS STEEL 316 BALL VALVE DN15 CL150 RF,GAIL|GA-00098,MAT0105
GAIL,GA-00099,"TEMPERATURE TRANSMITTER SIZE NA MOC SS316 NA END CONNECTION NA PT100, 4-20mA",NOS,,2026-09-25 07:08:16.084052+00:00,TEMPERATURE TRANSMITTER SIZE NA MOC STAINLESS STEEL 316 NA END CONNECTION NA PT100 4-20MA,EACH,FITTING,TEE,SS316,,,,UNKNOWN,,STAINLESS STEEL 316 TEE,VLV-BALLVALVE-SS316-DN15-CL150-00001-6,STAINLESS STEEL 316 BALL VALVE DN15 CL150 RF,GAIL|GA-00099,MAT0106
GAIL,GA-00100,"PRESSURE TRANSMITTER SIZE NA MOC SS316 NA END CONNECTION NA 0-10 BAR, 4-20mA, HART",SET,,2026-09-25 07:08:16.084052+00:00,PRESSURE TRANSMITTER SIZE NA MOC STAINLESS STEEL 316 NA END CONNECTION NA 0-10 BAR 4-20MA HART,SET,FITTING,TEE,SS316,,,,UNKNOWN,,STAINLESS STEEL 316 TEE,VLV-BALLVALVE-SS316-DN15-CL150-00001-6,STAINLESS STEEL 316 BALL VALVE DN15 CL150 RF,GAIL|GA-00100,MAT0107
GAIL,GA-00101,O-RING SIZE 50MM MOC FKM NA END CONNECTION NA 3MM CS,NOS,,2026-09-25 07:08:16.084052+00:00,O-RING SIZE 50 MM MOC FKM NA END CONNECTION NA 3 MM CARBON STEEL,EACH,FITTING,TEE,CS,50.0,,,UNKNOWN,,CARBON STEEL TEE DN50,VLV-BALLVALVE-SS316-DN15-CL150-00001-6,STAINLESS STEEL 316 BALL VALVE DN15 CL150 RF,GAIL|GA-00101,MAT0108
GAIL,GA-00102,O-RING SIZE 50MM MOC FKM NA END CONNECTION NA 4MM CS,NOS,,2026-09-25 07:08:16.084052+00:00,O-RING SIZE 50 MM MOC FKM NA END CONNECTION NA 4 MM CARBON STEEL,EACH,FITTING,TEE,CS,50.0,,,UNKNOWN,,CARBON STEEL TEE DN50,VLV-BALLVALVE-SS316-DN15-CL150-00001-6,STAINLESS STEEL 316 BALL VALVE DN15 CL150 RF,GAIL|GA-00102,MAT0109
GAIL,GA-00103,V-BELT SIZE NA MOC NA NA END CONNECTION NA SPB 2500,NOS,,2026-09-25 07:08:16.084052+00:00,V-BELT SIZE NA MOC NA NA END CONNECTION NA SPB 2500,EACH,DRIVE,V-BELT,UNKNOWN,,,,UNKNOWN,,V-BELT,DRV-V-BELT-NA-NA-NA-00004-9,V-BELT,GAIL|GA-00103,MAT0110
GAIL,GA-00104,V-BELT SIZE NA MOC NA NA END CONNECTION NA SPB 2550,NOS,,2026-09-25 07:08:16.084052+00:00,V-BELT SIZE NA MOC NA NA END CONNECTION NA SPB 2550,EACH,DRIVE,V-BELT,UNKNOWN,,,,UNKNOWN,,V-BELT,DRV-V-BELT-NA-NA-NA-00004-9,V-BELT,GAIL|GA-00104,MAT0111
GAIL,GA-00105,Y-STRAINER SIZE 50MM MOC SS316 PRESSURE CLASS 150 END CONNECTION RF 40 MESH,NOS,,2026-09-25 07:08:16.084052+00:00,Y-STRAINER SIZE 50 MM MOC STAINLESS STEEL 316 PRESSURE CLASS 150 END CONNECTION RAISED FACE 40 MESH,EACH,FITTING,TEE,SS316,50.0,150.0,,RF,,STAINLESS STEEL 316 TEE DN50 CL150 RF,VLV-BALLVALVE-SS316-DN15-CL150-00001-6,STAINLESS STEEL 316 BALL VALVE DN15 CL150 RF,GAIL|GA-00105,MAT0112
GAIL,GA-00106,Y-STRAINER SIZE 50MM MOC SS316 PRESSURE CLASS 150 END CONNECTION RF 80 MESH,SET,,2026-09-25 07:08:16.084052+00:00,Y-STRAINER SIZE 50 MM MOC STAINLESS STEEL 316 PRESSURE CLASS 150 END CONNECTION RAISED FACE 80 MESH,SET,FITTING,TEE,SS316,50.0,150.0,,RF,,STAINLESS STEEL 316 TEE DN50 CL150 RF,VLV-BALLVALVE-SS316-DN15-CL150-00001-6,STAINLESS STEEL 316 BALL VALVE DN15 CL150 RF,GAIL|GA-00106,MAT0113
GAIL,GA-00107,"SAFETY RELIEF VALVE SIZE NA MOC CS NA END CONNECTION NA 2X3 IN, SET 10 BAR",NOS,,2026-09-25 07:08:16.084052+00:00,SAFETY RELIEF VALVE SIZE NA MOC CARBON STEEL NA END CONNECTION NA 2X3 IN SET 10 BAR,EACH,VALVE,SAFETY RELIEF,CS,76.2,,,UNKNOWN,,CARBON STEEL SAFETY RELIEF DN76,VLV-BALLVALVE-SS316-DN15-CL150-00001-6,STAINLESS STEEL 316 BALL VALVE DN15 CL150 RF,GAIL|GA-00107,MAT0114
GAIL,GA-00108,"SAFETY RELIEF VALVE SIZE NA MOC CS NA END CONNECTION NA 2X3 IN, SET 15 BAR",NOS,,2026-09-25 07:08:16.084052+00:00,SAFETY RELIEF VALVE SIZE NA MOC CARBON STEEL NA END CONNECTION NA 2X3 IN SET 15 BAR,EACH,VALVE,SAFETY RELIEF,CS,76.2,,,UNKNOWN,,CARBON STEEL SAFETY RELIEF DN76,VLV-BALLVALVE-SS316-DN15-CL150-00001-6,STAINLESS STEEL 316 BALL VALVE DN15 CL150 RF,GAIL|GA-00108,MAT0115
HPCL,HP-00001,"BALL VALVE, 15MM [DN15], CARBON STEEL BODY, CLASS 150, RAISED FACE, TRIM SS316, AS PER API 6D",EA,API 6D,2026-09-25 07:08:16.086799+00:00,BALL VALVE 15 MM DN 15 CARBON STEEL BODY CLASS 150 RAISED FACE TRIM STAINLESS STEEL 316 AS PER API 6D,EACH,VALVE,BALL VALVE,SS316,15.0,150.0,,RF,API6D,STAINLESS STEEL 316 BALL VALVE DN15 CL150 RF,VLV-BALLVALVE-SS316-DN15-CL150-00001-6,STAINLESS STEEL 316 BALL VALVE DN15 CL150 RF,HPCL|HP-00001,MAT0001
HPCL,HP-00002,"BALL VALVE, 50MM (DN50), CARBON STEEL BODY, CLASS 150, RAISED FACE, TRIM SS316, AS PER API 6D",EA,API 6D,2026-09-25 07:08:16.086799+00:00,BALL VALVE 50 MM (DN 50) CARBON STEEL BODY CLASS 150 RAISED FACE TRIM STAINLESS STEEL 316 AS PER API 6D,EACH,VALVE,BALL VALVE,SS316,50.0,150.0,,RF,API6D,STAINLESS STEEL 316 BALL VALVE DN50 CL150 RF,VLV-BALLVALVE-SS316-DN15-CL150-00001-6,STAINLESS STEEL 316 BALL VALVE DN15 CL150 RF,HPCL|HP-00002,MAT0003
HPCL,HP-00003,"BALL VALVE, 50MM (DN50), CARBON STEEL BODY, CLASS 300, RAISED FACE, TRIM SS316, AS PER API 6D",NOS,API 6D,2026-09-25 07:08:16.086799+00:00,BALL VALVE 50 MM (DN 50) CARBON STEEL BODY CLASS 300 RAISED FACE TRIM STAINLESS STEEL 316 AS PER API 6D,EACH,VALVE,BALL VALVE,SS316,50.0,300.0,,RF,API6D,STAINLESS STEEL 316 BALL VALVE DN50 CL300 RF,VLV-BALLVALVE-SS316-DN15-CL150-00001-6,STAINLESS STEEL 316 BALL VALVE DN15 CL150 RF,HPCL|HP-00003,MAT0004
HPCL,HP-00004,"BALL VALVE, 80MM [DN80], CARBON STEEL BODY, CLASS 150, RAISED FACE, TRIM SS316, AS PER API 6D",NOS,API 6D,2026-09-25 07:08:16.086799+00:00,BALL VALVE 80 MM DN 80 CARBON STEEL BODY CLASS 150 RAISED FACE TRIM STAINLESS STEEL 316 AS PER API 6D,EACH,VALVE,BALL VALVE,SS316,80.0,150.0,,RF,API6D,STAINLESS STEEL 316 BALL VALVE DN80 CL150 RF,VLV-BALLVALVE-SS316-DN15-CL150-00001-6,STAINLESS STEEL 316 BALL VALVE DN15 CL150 RF,HPCL|HP-00004,MAT0005
HPCL,HP-00005,"BALL VALVE, 100MM [DN100], CARBON STEEL BODY, CLASS 150, RAISED FACE, TRIM SS316, AS PER API 6D",0,API 6D,2026-09-25 07:08:16.086799+00:00,BALL VALVE 100 MM DN 100 CARBON STEEL BODY CLASS 150 RAISED FACE TRIM STAINLESS STEEL 316 AS PER API 6D,EACH,VALVE,BALL VALVE,SS316,100.0,150.0,,RF,API6D,STAINLESS STEEL 316 BALL VALVE DN100 CL150 RF,VLV-BALLVALVE-SS316-DN15-CL150-00001-6,STAINLESS STEEL 316 BALL VALVE DN15 CL150 RF,HPCL|HP-00005,MAT0007
HPCL,HP-00006,"BALL VALVE, 100MM [DN100], CARBON STEEL BODY, CLASS 300, RAISED FACE, TRIM SS316, AS PER API 6D",NOS,API 6D,2026-09-25 07:08:16.086799+00:00,BALL VALVE 100 MM DN 100 CARBON STEEL BODY CLASS 300 RAISED FACE TRIM STAINLESS STEEL 316 AS PER API 6D,EACH,VALVE,BALL VALVE,SS316,100.0,300.0,,RF,API6D,STAINLESS STEEL 316 BALL VALVE DN100 CL300 RF,VLV-BALLVALVE-SS316-DN15-CL150-00001-6,STAINLESS STEEL 316 BALL VALVE DN15 CL150 RF,HPCL|HP-00006,MAT0008
HPCL,HP-00007,"BALL VALVE, 150MM (DN150), CARBON STEEL BODY, CLASS 150, RAISED FACE, TRIM SS316, AS PER API 6D",EA,API 6D,2026-09-25 07:08:16.086799+00:00,BALL VALVE 150 MM (DN 150) CARBON STEEL BODY CLASS 150 RAISED FACE TRIM STAINLESS STEEL 316 AS PER API 6D,EACH,VALVE,BALL VALVE,SS316,150.0,150.0,,RF,API6D,STAINLESS STEEL 316 BALL VALVE DN150 CL150 RF,VLV-BALLVALVE-SS316-DN15-CL150-00001-6,STAINLESS STEEL 316 BALL VALVE DN15 CL150 RF,HPCL|HP-00007,MAT0009
HPCL,HP-00008,"BALL VALVE, 200MM (DN200), CARBON STEEL BODY, CLASS 300, RAISED FACE, TRIM SS316, AS PER API 6D",NOS,API 6D,2026-09-25 07:08:16.086799+00:00,BALL VALVE 200 MM (DN 200) CARBON STEEL BODY CLASS 300 RAISED FACE TRIM STAINLESS STEEL 316 AS PER API 6D,EACH,VALVE,BALL VALVE,SS316,200.0,300.0,,RF,API6D,STAINLESS STEEL 316 BALL VALVE DN200 CL300 RF,VLV-BALLVALVE-SS316-DN15-CL150-00001-6,STAINLESS STEEL 316 BALL VALVE DN15 CL150 RF,HPCL|HP-00008,MAT0010
HPCL,HP-00009,"BALL VALVE, 50MM (DN50), STAINLESS STEEL 316 BODY, CLASS 300, RING TYPE JOINT, TRIM SS316, AS PER API 6D",EA,API 6D,2026-09-25 07:08:16.086799+00:00,BALL VALVE 50 MM (DN 50) STAINLESS STEEL 316 BODY CLASS 300 RING TYPE JOINT TRIM STAINLESS STEEL 316 AS PER API 6D,EACH,VALVE,BALL VALVE,SS316,50.0,300.0,,RTJ,API6D,STAINLESS STEEL 316 BALL VALVE DN50 CL300 RTJ,VLV-BALLVALVE-SS316-DN15-CL150-00001-6,STAINLESS STEEL 316 BALL VALVE DN15 CL150 RF,HPCL|HP-00009,MAT0011
HPCL,HP-00010,"BALL VALVE, 80MM (DN80), STAINLESS STEEL 316 BODY, CLASS 300, RING TYPE JOINT, TRIM SS316, AS PER API 6D",EA,API 6D,2026-09-25 07:08:16.086799+00:00,BALL VALVE 80 MM (DN 80) STAINLESS STEEL 316 BODY CLASS 300 RING TYPE JOINT TRIM STAINLESS STEEL 316 AS PER API 6D,EACH,VALVE,BALL VALVE,SS316,80.0,300.0,,RTJ,API6D,STAINLESS STEEL 316 BALL VALVE DN80 CL300 RTJ,VLV-BALLVALVE-SS316-DN15-CL150-00001-6,STAINLESS STEEL 316 BALL VALVE DN15 CL150 RF,HPCL|HP-00010,MAT0012
HPCL,HP-00011,"BALL VALVE, 100MM (DN100), STAINLESS STEEL 316 BODY, CLASS 300, RING TYPE JOINT, TRIM SS316, AS PER API 6D",EA,API 6D,2026-09-25 07:08:16.086799+00:00,BALL VALVE 100 MM (DN 100) STAINLESS STEEL 316 BODY CLASS 300 RING TYPE JOINT TRIM STAINLESS STEEL 316 AS PER API 6D,EACH,VALVE,BALL VALVE,SS316,100.0,300.0,,RTJ,API6D,STAINLESS STEEL 316 BALL VALVE DN100 CL300 RTJ,VLV-BALLVALVE-SS316-DN15-CL150-00001-6,STAINLESS STEEL 316 BALL VALVE DN15 CL150 RF,HPCL|HP-00011,MAT0013
HPCL,HP-00012,"BALL VALVE, 150MM (DN150), STAINLESS STEEL 316 BODY, CLASS 300, RING TYPE JOINT, TRIM SS316, AS PER API 6D",EA,API 6D,2026-09-25 07:08:16.086799+00:00,BALL VALVE 150 MM (DN 150) STAINLESS STEEL 316 BODY CLASS 300 RING TYPE JOINT TRIM STAINLESS STEEL 316 AS PER API 6D,EACH,VALVE,BALL VALVE,SS316,150.0,300.0,,RTJ,API6D,STAINLESS STEEL 316 BALL VALVE DN150 CL300 RTJ,VLV-BALLVALVE-SS316-DN15-CL150-00001-6,STAINLESS STEEL 316 BALL VALVE DN15 CL150 RF,HPCL|HP-00012,MAT0014
HPCL,HP-00013,"BALL VALVE, 200MM (DN200), STAINLESS STEEL 316 BODY, CLASS 300, RING TYPE JOINT, TRIM SS316, AS PER API 6D",NOS,API 6D,2026-09-25 07:08:16.086799+00:00,BALL VALVE 200 MM (DN 200) STAINLESS STEEL 316 BODY CLASS 300 RING TYPE JOINT TRIM STAINLESS STEEL 316 AS PER API 6D,EACH,VALVE,BALL VALVE,SS316,200.0,300.0,,RTJ,API6D,STAINLESS STEEL 316 BALL VALVE DN200 CL300 RTJ,VLV-BALLVALVE-SS316-DN15-CL150-00001-6,STAINLESS STEEL 316 BALL VALVE DN15 CL150 RF,HPCL|HP-00013,MAT0015
HPCL,HP-00014,"GATE VALVE, 50MM (DN50), CARBON STEEL BODY, CLASS 150, RAISED FACE, AS PER API 600",EA,API 600,2026-09-25 07:08:16.086799+00:00,GATE VALVE 50 MM (DN 50) CARBON STEEL BODY CLASS 150 RAISED FACE AS PER API 600,EACH,VALVE,GATE VALVE,CS,50.0,150.0,,RF,API600,CARBON STEEL GATE VALVE DN50 CL150 RF,VLV-BALLVALVE-SS316-DN15-CL150-00001-6,STAINLESS STEEL 316 BALL VALVE DN15 CL150 RF,HPCL|HP-00014,MAT0016
HPCL,HP-00015,"GATE VALVE, 80MM (DN80), CARBON STEEL BODY, CLASS 150, RAISED FACE, AS PER API 600",NOS,API 600,2026-09-25 07:08:16.086799+00:00,GATE VALVE 80 MM (DN 80) CARBON STEEL BODY CLASS 150 RAISED FACE AS PER API 600,EACH,VALVE,GATE VALVE,CS,80.0,150.0,,RF,API600,CARBON STEEL GATE VALVE DN80 CL150 RF,VLV-BALLVALVE-SS316-DN15-CL150-00001-6,STAINLESS STEEL 316 BALL VALVE DN15 CL150 RF,HPCL|HP-00015,MAT0017
HPCL,HP-00016,"GATE VALVE, 150MM (DN150), CARBON STEEL BODY, CLASS 150, RAISED FACE, AS PER API 600",EA,API 600,2026-09-25 07:08:16.086799+00:00,GATE VALVE 150 MM (DN 150) CARBON STEEL BODY CLASS 150 RAISED FACE AS PER API 600,EACH,VALVE,GATE VALVE,CS,150.0,150.0,,RF,API600,CARBON STEEL GATE VALVE DN150 CL150 RF,VLV-BALLVALVE-SS316-DN15-CL150-00001-6,STAINLESS STEEL 316 BALL VALVE DN15 CL150 RF,HPCL|HP-00016,MAT0019
HPCL,HP-00017,"GATE VALVE, 200MM (DN200), CARBON STEEL BODY, CLASS 150, RAISED FACE, AS PER API 600",EA,API 600,2026-09-25 07:08:16.086799+00:00,GATE VALVE 200 MM (DN 200) CARBON STEEL BODY CLASS 150 RAISED FACE AS PER API 600,EACH,VALVE,GATE VALVE,CS,200.0,150.0,,RF,API600,CARBON STEEL GATE VALVE DN200 CL150 RF,VLV-BALLVALVE-SS316-DN15-CL150-00001-6,STAINLESS STEEL 316 BALL VALVE DN15 CL150 RF,HPCL|HP-00017,MAT0020
HPCL,HP-00018,"GATE VALVE, 50MM [DN50], STAINLESS STEEL 316 BODY, CLASS 300, RING TYPE JOINT, AS PER API 600",EA,API 600,2026-09-25 07:08:16.086799+00:00,GATE VALVE 50 MM DN 50 STAINLESS STEEL 316 BODY CLASS 300 RING TYPE JOINT AS PER API 600,EACH,VALVE,GATE VALVE,SS316,50.0,300.0,,RTJ,API600,STAINLESS STEEL 316 GATE VALVE DN50 CL300 RTJ,VLV-BALLVALVE-SS316-DN15-CL150-00001-6,STAINLESS STEEL 316 BALL VALVE DN15 CL150 RF,HPCL|HP-00018,MAT0021
HPCL,HP-00019,"GATE VALVE, 80MM (DN80), STAINLESS STEEL 316 BODY, CLASS 300, RING TYPE JOINT, AS PER API 600",NOS,API 600,2026-09-25 07:08:16.086799+00:00,GATE VALVE 80 MM (DN 80) STAINLESS STEEL 316 BODY CLASS 300 RING TYPE JOINT AS PER API 600,EACH,VALVE,GATE VALVE,SS316,80.0,300.0,,RTJ,API600,STAINLESS STEEL 316 GATE VALVE DN80 CL300 RTJ,VLV-BALLVALVE-SS316-DN15-CL150-00001-6,STAINLESS STEEL 316 BALL VALVE DN15 CL150 RF,HPCL|HP-00019,MAT0022
HPCL,HP-00020,"GATE VALVE, 100MM (DN100), STAINLESS STEEL 316 BODY, CLASS 300, RING TYPE JOINT, AS PER API 600",EA,API 600,2026-09-25 07:08:16.086799+00:00,GATE VALVE 100 MM (DN 100) STAINLESS STEEL 316 BODY CLASS 300 RING TYPE JOINT AS PER API 600,EACH,VALVE,GATE VALVE,SS316,100.0,300.0,,RTJ,API600,STAINLESS STEEL 316 GATE VALVE DN100 CL300 RTJ,VLV-BALLVALVE-SS316-DN15-CL150-00001-6,STAINLESS STEEL 316 BALL VALVE DN15 CL150 RF,HPCL|HP-00020,MAT0023
HPCL,HP-00021,"GATE VALVE, 150MM (DN150), STAINLESS STEEL 316 BODY, CLASS 300, RING TYPE JOINT, AS PER API 600",NOS,API 600,2026-09-25 07:08:16.086799+00:00,GATE VALVE 150 MM (DN 150) STAINLESS STEEL 316 BODY CLASS 300 RING TYPE JOINT AS PER API 600,EACH,VALVE,GATE VALVE,SS316,150.0,300.0,,RTJ,API600,STAINLESS STEEL 316 GATE VALVE DN150 CL300 RTJ,VLV-BALLVALVE-SS316-DN15-CL150-00001-6,STAINLESS STEEL 316 BALL VALVE DN15 CL150 RF,HPCL|HP-00021,MAT0024
HPCL,HP-00022,"GLOBE VALVE, 50MM (DN50), CARBON STEEL BODY, CLASS 150, RAISED FACE, AS PER API 623",EA,API 623,2026-09-25 07:08:16.086799+00:00,GLOBE VALVE 50 MM (DN 50) CARBON STEEL BODY CLASS 150 RAISED FACE AS PER API 623,EACH,VALVE,GLOBE VALVE,CS,50.0,150.0,,RF,API623,CARBON STEEL GLOBE VALVE DN50 CL150 RF,VLV-BALLVALVE-SS316-DN15-CL150-00001-6,STAINLESS STEEL 316 BALL VALVE DN15 CL150 RF,HPCL|HP-00022,MAT0025
HPCL,HP-00023,"GLOBE VALVE, 80MM (DN80), CARBON STEEL BODY, CLASS 150, RAISED FACE, AS PER API 623",EA,API 623,2026-09-25 07:08:16.086799+00:00,GLOBE VALVE 80 MM (DN 80) CARBON STEEL BODY CLASS 150 RAISED FACE AS PER API 623,EACH,VALVE,GLOBE VALVE,CS,80.0,150.0,,RF,API623,CARBON STEEL GLOBE VALVE DN80 CL150 RF,VLV-BALLVALVE-SS316-DN15-CL150-00001-6,STAINLESS STEEL 316 BALL VALVE DN15 CL150 RF,HPCL|HP-00023,MAT0026
HPCL,HP-00024,"GLOBE VALVE, 100MM (DN100), CARBON STEEL BODY, CLASS 150, RAISED FACE, AS PER API 623",EA,API 623,2026-09-25 07:08:16.086799+00:00,GLOBE VALVE 100 MM (DN 100) CARBON STEEL BODY CLASS 150 RAISED FACE AS PER API 623,EACH,VALVE,GLOBE VALVE,CS,100.0,150.0,,RF,API623,CARBON STEEL GLOBE VALVE DN100 CL150 RF,VLV-BALLVALVE-SS316-DN15-CL150-00001-6,STAINLESS STEEL 316 BALL VALVE DN15 CL150 RF,HPCL|HP-00024,MAT0027
HPCL,HP-00025,"GLOBE VALVE, 80MM [DN80], STAINLESS STEEL 316 BODY, CLASS 300, RING TYPE JOINT, AS PER API 623",EA,API 623,2026-09-25 07:08:16.086799+00:00,GLOBE VALVE 80 MM DN 80 STAINLESS STEEL 316 BODY CLASS 300 RING TYPE JOINT AS PER API 623,EACH,VALVE,GLOBE VALVE,SS316,80.0,300.0,,RTJ,API623,STAINLESS STEEL 316 GLOBE VALVE DN80 CL300 RTJ,VLV-BALLVALVE-SS316-DN15-CL150-00001-6,STAINLESS STEEL 316 BALL VALVE DN15 CL150 RF,HPCL|HP-00025,MAT0029
HPCL,HP-00026,"CHECK VALVE, 80MM (DN80), ALLOY 20 BODY, CLASS 600, BUTT WELD, AS PER API 594",EA,API 594,2026-09-25 07:08:16.086799+00:00,CHECK VALVE 80 MM (DN 80) ALLOY 20 BODY CLASS 600 BUTT WELD AS PER API 594,EACH,VALVE,CHECK VALVE,ALLOY20,80.0,600.0,,BW,API594,ALLOY 20 CHECK VALVE DN80 CL600 BW,VLV-BALLVALVE-SS316-DN15-CL150-00001-6,STAINLESS STEEL 316 BALL VALVE DN15 CL150 RF,HPCL|HP-00026,MAT0030
HPCL,HP-00027,"CHECK VALVE, 100MM [DN100], ALLOY 20 BODY, CLASS 600, BUTT WELD, AS PER API 594",EA,API 594,2026-09-25 07:08:16.086799+00:00,CHECK VALVE 100 MM DN 100 ALLOY 20 BODY CLASS 600 BUTT WELD AS PER API 594,EACH,VALVE,CHECK VALVE,ALLOY20,100.0,600.0,,BW,API594,ALLOY 20 CHECK VALVE DN100 CL600 BW,VLV-BALLVALVE-SS316-DN15-CL150-00001-6,STAINLESS STEEL 316 BALL VALVE DN15 CL150 RF,HPCL|HP-00027,MAT0031
HPCL,HP-00028,"CHECK VALVE, 150MM [DN150], ALLOY 20 BODY, CLASS 600, BUTT WELD, AS PER API 594",NOS,API 594,2026-09-25 07:08:16.086799+00:00,CHECK VALVE 150 MM DN 150 ALLOY 20 BODY CLASS 600 BUTT WELD AS PER API 594,EACH,VALVE,CHECK VALVE,ALLOY20,150.0,600.0,,BW,API594,ALLOY 20 CHECK VALVE DN150 CL600 BW,VLV-BALLVALVE-SS316-DN15-CL150-00001-6,STAINLESS STEEL 316 BALL VALVE DN15 CL150 RF,HPCL|HP-00028,MAT0032
HPCL,HP-00029,"CHECK VALVE, 200MM (DN200), ALLOY 20 BODY, CLASS 600, BUTT WELD, AS PER API 594",NOS,API 594,2026-09-25 07:08:16.086799+00:00,CHECK VALVE 200 MM (DN 200) ALLOY 20 BODY CLASS 600 BUTT WELD AS PER API 594,EACH,VALVE,CHECK VALVE,ALLOY20,200.0,600.0,,BW,API594,ALLOY 20 CHECK VALVE DN200 CL600 BW,VLV-BALLVALVE-SS316-DN15-CL150-00001-6,STAINLESS STEEL 316 BALL VALVE DN15 CL150 RF,HPCL|HP-00029,MAT0033
HPCL,HP-00030,"BUTTERFLY VALVE, 80MM [DN80], CAST IRON BODY, CLASS 150, WAFER TYPE, AS PER API 609",EA,API 609,2026-09-25 07:08:16.086799+00:00,BUTTERFLY VALVE 80 MM DN 80 CAST IRON BODY CLASS 150 WAFER TYPE AS PER API 609,EACH,VALVE,BUTTERFLY,CI,80.0,150.0,,WAFER,API609,CAST IRON BUTTERFLY DN80 CL150 WAFER,VLV-BALLVALVE-SS316-DN15-CL150-00001-6,STAINLESS STEEL 316 BALL VALVE DN15 CL150 RF,HPCL|HP-00030,MAT0034
HPCL,HP-00031,"BUTTERFLY VALVE, 100MM (DN100), CAST IRON BODY, CLASS 150, WAFER TYPE, AS PER API 609",NOS,API 609,2026-09-25 07:08:16.086799+00:00,BUTTERFLY VALVE 100 MM (DN 100) CAST IRON BODY CLASS 150 WAFER TYPE AS PER API 609,EACH,VALVE,BUTTERFLY,CI,100.0,150.0,,WAFER,API609,CAST IRON BUTTERFLY DN100 CL150 WAFER,VLV-BALLVALVE-SS316-DN15-CL150-00001-6,STAINLESS STEEL 316 BALL VALVE DN15 CL150 RF,HPCL|HP-00031,MAT0035
HPCL,HP-00032,"BUTTERFLY VALVE, 150MM (DN150), CAST IRON BODY, CLASS 150, WAFER TYPE, AS PER API 609",NOS,API 609,2026-09-25 07:08:16.086799+00:00,BUTTERFLY VALVE 150 MM (DN 150) CAST IRON BODY CLASS 150 WAFER TYPE AS PER API 609,EACH,VALVE,BUTTERFLY,CI,150.0,150.0,,WAFER,API609,CAST IRON BUTTERFLY DN150 CL150 WAFER,VLV-BALLVALVE-SS316-DN15-CL150-00001-6,STAINLESS STEEL 316 BALL VALVE DN15 CL150 RF,HPCL|HP-00032,MAT0036
HPCL,HP-00033,"BUTTERFLY VALVE, 200MM (DN200), CAST IRON BODY, CLASS 150, WAFER TYPE, AS PER API 609",EA,API 609,2026-09-25 07:08:16.086799+00:00,BUTTERFLY VALVE 200 MM (DN 200) CAST IRON BODY CLASS 150 WAFER TYPE AS PER API 609,EACH,VALVE,BUTTERFLY,CI,200.0,150.0,,WAFER,API609,CAST IRON BUTTERFLY DN200 CL150 WAFER,VLV-BALLVALVE-SS316-DN15-CL150-00001-6,STAINLESS STEEL 316 BALL VALVE DN15 CL150 RF,HPCL|HP-00033,MAT0037
HPCL,HP-00034,"BUTTERFLY VALVE, 250MM (DN250), CAST IRON BODY, CLASS 150, WAFER TYPE, AS PER API 609  ",NOS,API 609,2026-09-25 07:08:16.086799+00:00,BUTTERFLY VALVE 250 MM (DN 250) CAST IRON BODY CLASS 150 WAFER TYPE AS PER API 609,EACH,VALVE,BUTTERFLY,CI,250.0,150.0,,WAFER,API609,CAST IRON BUTTERFLY DN250 CL150 WAFER,VLV-BALLVALVE-SS316-DN15-CL150-00001-6,STAINLESS STEEL 316 BALL VALVE DN15 CL150 RF,HPCL|HP-00034,MAT0038
HPCL,HP-00035,"BUTTERFLY VALVE, 300MM (DN300), CAST IRON BODY, CLASS 150, WAFER TYPE, AS PER API 609",NOS,API 609,2026-09-25 07:08:16.086799+00:00,BUTTERFLY VALVE 300 MM (DN 300) CAST IRON BODY CLASS 150 WAFER TYPE AS PER API 609,EACH,VALVE,BUTTERFLY,CI,300.0,150.0,,WAFER,API609,CAST IRON BUTTERFLY DN300 CL150 WAFER,VLV-BALLVALVE-SS316-DN15-CL150-00001-6,STAINLESS STEEL 316 BALL VALVE DN15 CL150 RF,HPCL|HP-00035,MAT0039
HPCL,HP-00036,"CHECK VALVE, 50MM (DN50), CARBON STEEL BODY, CLASS 150, RAISED FACE, AS PER API 594",EA,API 594,2026-09-25 07:08:16.086799+00:00,CHECK VALVE 50 MM (DN 50) CARBON STEEL BODY CLASS 150 RAISED FACE AS PER API 594,EACH,VALVE,CHECK VALVE,CS,50.0,150.0,,RF,API594,CARBON STEEL CHECK VALVE DN50 CL150 RF,VLV-BALLVALVE-SS316-DN15-CL150-00001-6,STAINLESS STEEL 316 BALL VALVE DN15 CL150 RF,HPCL|HP-00036,MAT0040
HPCL,HP-00037,"CHECK VALVE, 80MM (DN80), CARBON STEEL BODY, CLASS 150, RAISED FACE, AS PER API 594",NOS,API 594,2026-09-25 07:08:16.086799+00:00,CHECK VALVE 80 MM (DN 80) CARBON STEEL BODY CLASS 150 RAISED FACE AS PER API 594,EACH,VALVE,CHECK VALVE,CS,80.0,150.0,,RF,API594,CARBON STEEL CHECK VALVE DN80 CL150 RF,VLV-BALLVALVE-SS316-DN15-CL150-00001-6,STAINLESS STEEL 316 BALL VALVE DN15 CL150 RF,HPCL|HP-00037,MAT0041
HPCL,HP-00038,"CHECK VALVE, 100MM (DN100), CARBON STEEL BODY, CLASS 150, RAISED FACE, AS PER API 594",EA,API 594,2026-09-25 07:08:16.086799+00:00,CHECK VALVE 100 MM (DN 100) CARBON STEEL BODY CLASS 150 RAISED FACE AS PER API 594,EACH,VALVE,CHECK VALVE,CS,100.0,150.0,,RF,API594,CARBON STEEL CHECK VALVE DN100 CL150 RF,VLV-BALLVALVE-SS316-DN15-CL150-00001-6,STAINLESS STEEL 316 BALL VALVE DN15 CL150 RF,HPCL|HP-00038,MAT0042
HPCL,HP-00039,"SEAMLESS PIPE, 50MM (DN50), CARBON STEEL BODY, SCHEDULE 40, AS PER ASTM A106 GR B",0,ASTM A106 GR B,2026-09-25 07:08:16.086799+00:00,SEAMLESS PIPE 50 MM (DN 50) CARBON STEEL BODY SCHEDULE 40 AS PER ASTM A106 GR B,EACH,PIPE,PIPE,CS,50.0,,40,UNKNOWN,ASTMA106,CARBON STEEL PIPE DN50 SCH40,VLV-BALLVALVE-SS316-DN15-CL150-00001-6,STAINLESS STEEL 316 BALL VALVE DN15 CL150 RF,HPCL|HP-00039,MAT0043
HPCL,HP-00040,"SEAMLESS PIPE, 80MM (DN80), CARBON STEEL BODY, SCHEDULE 40, AS PER ASTM A106 GR B",NOS,ASTM A106 GR B,2026-09-25 07:08:16.086799+00:00,SEAMLESS PIPE 80 MM (DN 80) CARBON STEEL BODY SCHEDULE 40 AS PER ASTM A106 GR B,EACH,PIPE,PIPE,CS,80.0,,40,UNKNOWN,ASTMA106,CARBON STEEL PIPE DN80 SCH40,VLV-BALLVALVE-SS316-DN15-CL150-00001-6,STAINLESS STEEL 316 BALL VALVE DN15 CL150 RF,HPCL|HP-00040,MAT0044
HPCL,HP-00041,"SEAMLESS PIPE, 100MM (DN100), CARBON STEEL BODY, SCHEDULE 40, AS PER ASTM A106 GR B",EA,ASTM A106 GR B,2026-09-25 07:08:16.086799+00:00,SEAMLESS PIPE 100 MM (DN 100) CARBON STEEL BODY SCHEDULE 40 AS PER ASTM A106 GR B,EACH,PIPE,PIPE,CS,100.0,,40,UNKNOWN,ASTMA106,CARBON STEEL PIPE DN100 SCH40,VLV-BALLVALVE-SS316-DN15-CL150-00001-6,STAINLESS STEEL 316 BALL VALVE DN15 CL150 RF,HPCL|HP-00041,MAT0045
HPCL,HP-00042,"SEAMLESS PIPE, 150MM (DN150), CARBON STEEL BODY, SCHEDULE 40, AS PER ASTM A106 GR B",NOS,ASTM A106 GR B,2026-09-25 07:08:16.086799+00:00,SEAMLESS PIPE 150 MM (DN 150) CARBON STEEL BODY SCHEDULE 40 AS PER ASTM A106 GR B,EACH,PIPE,PIPE,CS,150.0,,40,UNKNOWN,ASTMA106,CARBON STEEL PIPE DN150 SCH40,VLV-BALLVALVE-SS316-DN15-CL150-00001-6,STAINLESS STEEL 316 BALL VALVE DN15 CL150 RF,HPCL|HP-00042,MAT0046
HPCL,HP-00043,"SEAMLESS PIPE, 200MM (DN200), CARBON STEEL BODY, SCHEDULE 40, AS PER ASTM A106 GR B",EA,ASTM A106 GR B,2026-09-25 07:08:16.086799+00:00,SEAMLESS PIPE 200 MM (DN 200) CARBON STEEL BODY SCHEDULE 40 AS PER ASTM A106 GR B,EACH,PIPE,PIPE,CS,200.0,,40,UNKNOWN,ASTMA106,CARBON STEEL PIPE DN200 SCH40,VLV-BALLVALVE-SS316-DN15-CL150-00001-6,STAINLESS STEEL 316 BALL VALVE DN15 CL150 RF,HPCL|HP-00043,MAT0047
HPCL,HP-00044,"SEAMLESS PIPE, 250MM (DN250), CARBON STEEL BODY, SCHEDULE 40, AS PER ASTM A106 GR B",NOS,ASTM A106 GR B,2026-09-25 07:08:16.086799+00:00,SEAMLESS PIPE 250 MM (DN 250) CARBON STEEL BODY SCHEDULE 40 AS PER ASTM A106 GR B,EACH,PIPE,PIPE,CS,250.0,,40,UNKNOWN,ASTMA106,CARBON STEEL PIPE DN250 SCH40,VLV-BALLVALVE-SS316-DN15-CL150-00001-6,STAINLESS STEEL 316 BALL VALVE DN15 CL150 RF,HPCL|HP-00044,MAT0048
HPCL,HP-00045,"SEAMLESS PIPE, 300MM [DN300], CARBON STEEL BODY, SCHEDULE 40, AS PER ASTM A106 GR B",NOS,ASTM A106 GR B,2026-09-25 07:08:16.086799+00:00,SEAMLESS PIPE 300 MM DN 300 CARBON STEEL BODY SCHEDULE 40 AS PER ASTM A106 GR B,EACH,PIPE,PIPE,CS,300.0,,40,UNKNOWN,ASTMA106,CARBON STEEL PIPE DN300 SCH40,VLV-BALLVALVE-SS316-DN15-CL150-00001-6,STAINLESS STEEL 316 BALL VALVE DN15 CL150 RF,HPCL|HP-00045,MAT0049
HPCL,HP-00046,"SEAMLESS PIPE, 25MM (DN25), STAINLESS STEEL 304 BODY, SCHEDULE 80, AS PER ASTM A312 TP304L",NOS,ASTM A312 TP304L,2026-09-25 07:08:16.086799+00:00,SEAMLESS PIPE 25 MM (DN 25) STAINLESS STEEL 304 BODY SCHEDULE 80 AS PER ASTM A312 TP304L,EACH,PIPE,PIPE,SS304,25.0,,80,UNKNOWN,ASTMA312,STAINLESS STEEL 304 PIPE DN25 SCH80,VLV-BALLVALVE-SS316-DN15-CL150-00001-6,STAINLESS STEEL 316 BALL VALVE DN15 CL150 RF,HPCL|HP-00046,MAT0050
HPCL,HP-00047,"SEAMLESS PIPE, 50MM (DN50), STAINLESS STEEL 304 BODY, SCHEDULE 80, AS PER ASTM A312 TP304L",EA,ASTM A312 TP304L,2026-09-25 07:08:16.086799+00:00,SEAMLESS PIPE 50 MM (DN 50) STAINLESS STEEL 304 BODY SCHEDULE 80 AS PER ASTM A312 TP304L,EACH,PIPE,PIPE,SS304,50.0,,80,UNKNOWN,ASTMA312,STAINLESS STEEL 304 PIPE DN50 SCH80,VLV-BALLVALVE-SS316-DN15-CL150-00001-6,STAINLESS STEEL 316 BALL VALVE DN15 CL150 RF,HPCL|HP-00047,MAT0051
HPCL,HP-00048,"SEAMLESS PIPE, 80MM (DN80), STAINLESS STEEL 304 BODY, SCHEDULE 80, AS PER ASTM A312 TP304L",EA,ASTM A312 TP304L,2026-09-25 07:08:16.086799+00:00,SEAMLESS PIPE 80 MM (DN 80) STAINLESS STEEL 304 BODY SCHEDULE 80 AS PER ASTM A312 TP304L,EACH,PIPE,PIPE,SS304,80.0,,80,UNKNOWN,ASTMA312,STAINLESS STEEL 304 PIPE DN80 SCH80,VLV-BALLVALVE-SS316-DN15-CL150-00001-6,STAINLESS STEEL 316 BALL VALVE DN15 CL150 RF,HPCL|HP-00048,MAT0052
HPCL,HP-00049,"SEAMLESS PIPE, 100MM (DN100), STAINLESS STEEL 304 BODY, SCHEDULE 80, AS PER ASTM A312 TP304L",EA,ASTM A312 TP304L,2026-09-25 07:08:16.086799+00:00,SEAMLESS PIPE 100 MM (DN 100) STAINLESS STEEL 304 BODY SCHEDULE 80 AS PER ASTM A312 TP304L,EACH,PIPE,PIPE,SS304,100.0,,80,UNKNOWN,ASTMA312,STAINLESS STEEL 304 PIPE DN100 SCH80,VLV-BALLVALVE-SS316-DN15-CL150-00001-6,STAINLESS STEEL 316 BALL VALVE DN15 CL150 RF,HPCL|HP-00049,MAT0053
HPCL,HP-00050,"SEAMLESS PIPE, 150MM (DN150), STAINLESS STEEL 304 BODY, SCHEDULE 80, AS PER ASTM A312 TP304L",EA,ASTM A312 TP304L,2026-09-25 07:08:16.086799+00:00,SEAMLESS PIPE 150 MM (DN 150) STAINLESS STEEL 304 BODY SCHEDULE 80 AS PER ASTM A312 TP304L,EACH,PIPE,PIPE,SS304,150.0,,80,UNKNOWN,ASTMA312,STAINLESS STEEL 304 PIPE DN150 SCH80,VLV-BALLVALVE-SS316-DN15-CL150-00001-6,STAINLESS STEEL 316 BALL VALVE DN15 CL150 RF,HPCL|HP-00050,MAT0054
HPCL,HP-00051,"WELDED PIPE, 250MM (DN250), STAINLESS STEEL 304 BODY, SCHEDULE 80, AS PER ASTM A312 TP304L",EA,ASTM A312 TP304L,2026-09-25 07:08:16.086799+00:00,WELDED PIPE 250 MM (DN 250) STAINLESS STEEL 304 BODY SCHEDULE 80 AS PER ASTM A312 TP304L,EACH,PIPE,PIPE,SS304,250.0,,80,UNKNOWN,ASTMA312,STAINLESS STEEL 304 PIPE DN250 SCH80,VLV-BALLVALVE-SS316-DN15-CL150-00001-6,STAINLESS STEEL 316 BALL VALVE DN15 CL150 RF,HPCL|HP-00051,MAT0055
HPCL,HP-00052,"WELDED PIPE, 300MM (DN300), STAINLESS STEEL 304 BODY, SCHEDULE 80, AS PER ASTM A312 TP304L",EA,ASTM A312 TP304L,2026-09-25 07:08:16.086799+00:00,WELDED PIPE 300 MM (DN 300) STAINLESS STEEL 304 BODY SCHEDULE 80 AS PER ASTM A312 TP304L,EACH,PIPE,PIPE,SS304,300.0,,80,UNKNOWN,ASTMA312,STAINLESS STEEL 304 PIPE DN300 SCH80,VLV-BALLVALVE-SS316-DN15-CL150-00001-6,STAINLESS STEEL 316 BALL VALVE DN15 CL150 RF,HPCL|HP-00052,MAT0056
HPCL,HP-00053,"WELD NECK FLANGE, 50MM (DN50), CARBON STEEL BODY, CLASS 150, RAISED FACE, AS PER ASTM A105",EA,ASTM A105,2026-09-25 07:08:16.086799+00:00,WELD NECK FLANGE 50 MM (DN 50) CARBON STEEL BODY CLASS 150 RAISED FACE AS PER ASTM A105,EACH,FLANGE,FLANGE,CS,50.0,150.0,,RF,ASTMA105,CARBON STEEL FLANGE DN50 CL150 RF,VLV-BALLVALVE-SS316-DN15-CL150-00001-6,STAINLESS STEEL 316 BALL VALVE DN15 CL150 RF,HPCL|HP-00053,MAT0057
HPCL,HP-00054,"WELD NECK FLANGE, 80MM (DN80), CARBON STEEL BODY, CLASS 150, RAISED FACE, AS PER ASTM A105",EA,ASTM A105,2026-09-25 07:08:16.086799+00:00,WELD NECK FLANGE 80 MM (DN 80) CARBON STEEL BODY CLASS 150 RAISED FACE AS PER ASTM A105,EACH,FLANGE,FLANGE,CS,80.0,150.0,,RF,ASTMA105,CARBON STEEL FLANGE DN80 CL150 RF,VLV-BALLVALVE-SS316-DN15-CL150-00001-6,STAINLESS STEEL 316 BALL VALVE DN15 CL150 RF,HPCL|HP-00054,MAT0058
HPCL,HP-00055,"WELD NECK FLANGE, 100MM (DN100), CARBON STEEL BODY, CLASS 150, RAISED FACE, AS PER ASTM A105  ",NOS,ASTM A105,2026-09-25 07:08:16.086799+00:00,WELD NECK FLANGE 100 MM (DN 100) CARBON STEEL BODY CLASS 150 RAISED FACE AS PER ASTM A105,EACH,FLANGE,FLANGE,CS,100.0,150.0,,RF,ASTMA105,CARBON STEEL FLANGE DN100 CL150 RF,VLV-BALLVALVE-SS316-DN15-CL150-00001-6,STAINLESS STEEL 316 BALL VALVE DN15 CL150 RF,HPCL|HP-00055,MAT0059
HPCL,HP-00056,"WELD NECK FLANGE, 150MM (DN150), CARBON STEEL BODY, CLASS 150, RAISED FACE, AS PER ASTM A105",EA,ASTM A105,2026-09-25 07:08:16.086799+00:00,WELD NECK FLANGE 150 MM (DN 150) CARBON STEEL BODY CLASS 150 RAISED FACE AS PER ASTM A105,EACH,FLANGE,FLANGE,CS,150.0,150.0,,RF,ASTMA105,CARBON STEEL FLANGE DN150 CL150 RF,VLV-BALLVALVE-SS316-DN15-CL150-00001-6,STAINLESS STEEL 316 BALL VALVE DN15 CL150 RF,HPCL|HP-00056,MAT0060
HPCL,HP-00057,"WELD NECK FLANGE, 50MM (DN50), CARBON STEEL BODY, CLASS 300, RAISED FACE, AS PER ASTM A105",NOS,ASTM A105,2026-09-25 07:08:16.086799+00:00,WELD NECK FLANGE 50 MM (DN 50) CARBON STEEL BODY CLASS 300 RAISED FACE AS PER ASTM A105,EACH,FLANGE,FLANGE,CS,50.0,300.0,,RF,ASTMA105,CARBON STEEL FLANGE DN50 CL300 RF,VLV-BALLVALVE-SS316-DN15-CL150-00001-6,STAINLESS STEEL 316 BALL VALVE DN15 CL150 RF,HPCL|HP-00057,MAT0062
HPCL,HP-00058,"WELD NECK FLANGE, 80MM (DN80), CARBON STEEL BODY, CLASS 300, RAISED FACE, AS PER ASTM A105",NOS,ASTM A105,2026-09-25 07:08:16.086799+00:00,WELD NECK FLANGE 80 MM (DN 80) CARBON STEEL BODY CLASS 300 RAISED FACE AS PER ASTM A105,EACH,FLANGE,FLANGE,CS,80.0,300.0,,RF,ASTMA105,CARBON STEEL FLANGE DN80 CL300 RF,VLV-BALLVALVE-SS316-DN15-CL150-00001-6,STAINLESS STEEL 316 BALL VALVE DN15 CL150 RF,HPCL|HP-00058,MAT0063
HPCL,HP-00059,"WELD NECK FLANGE, 100MM (DN100), CARBON STEEL BODY, CLASS 300, RAISED FACE, AS PER ASTM A105",EA,ASTM A105,2026-09-25 07:08:16.086799+00:00,WELD NECK FLANGE 100 MM (DN 100) CARBON STEEL BODY CLASS 300 RAISED FACE AS PER ASTM A105,EACH,FLANGE,FLANGE,CS,100.0,300.0,,RF,ASTMA105,CARBON STEEL FLANGE DN100 CL300 RF,VLV-BALLVALVE-SS316-DN15-CL150-00001-6,STAINLESS STEEL 316 BALL VALVE DN15 CL150 RF,HPCL|HP-00059,MAT0064
HPCL,HP-00060,"BLIND FLANGE, 80MM (DN80), STAINLESS STEEL 316 BODY, CLASS 150, RING TYPE JOINT, AS PER ASTM A182",NOS,ASTM A182,2026-09-25 07:08:16.086799+00:00,BLIND FLANGE 80 MM (DN 80) STAINLESS STEEL 316 BODY CLASS 150 RING TYPE JOINT AS PER ASTM A182,EACH,FLANGE,FLANGE,SS316,80.0,150.0,,RTJ,ASTMA182,STAINLESS STEEL 316 FLANGE DN80 CL150 RTJ,VLV-BALLVALVE-SS316-DN15-CL150-00001-6,STAINLESS STEEL 316 BALL VALVE DN15 CL150 RF,HPCL|HP-00060,MAT0067
HPCL,HP-00061,"BLIND FLANGE, 80MM (DN80), STAINLESS STEEL 316 BODY, CLASS 300, RING TYPE JOINT, AS PER ASTM A182",NOS,ASTM A182,2026-09-25 07:08:16.086799+00:00,BLIND FLANGE 80 MM (DN 80) STAINLESS STEEL 316 BODY CLASS 300 RING TYPE JOINT AS PER ASTM A182,EACH,FLANGE,FLANGE,SS316,80.0,300.0,,RTJ,ASTMA182,STAINLESS STEEL 316 FLANGE DN80 CL300 RTJ,VLV-BALLVALVE-SS316-DN15-CL150-00001-6,STAINLESS STEEL 316 BALL VALVE DN15 CL150 RF,HPCL|HP-00061,MAT0068
HPCL,HP-00062,"SPIRAL WOUND GASKET, 50MM (DN50), STAINLESS STEEL 316 BODY, CLASS 150, AS PER ASME B16.20",EA,ASME B16.20,2026-09-25 07:08:16.086799+00:00,SPIRAL WOUND GASKET 50 MM (DN 50) STAINLESS STEEL 316 BODY CLASS 150 AS PER ASME B16.20,EACH,GASKET,GASKET,SS316,50.0,150.0,,UNKNOWN,ASMEB16.20,STAINLESS STEEL 316 GASKET DN50 CL150,VLV-BALLVALVE-SS316-DN15-CL150-00001-6,STAINLESS STEEL 316 BALL VALVE DN15 CL150 RF,HPCL|HP-00062,MAT0069
HPCL,HP-00063,"SPIRAL WOUND GASKET, 80MM (DN80), STAINLESS STEEL 316 BODY, CLASS 150, AS PER ASME B16.20  ",NOS,ASME B16.20,2026-09-25 07:08:16.086799+00:00,SPIRAL WOUND GASKET 80 MM (DN 80) STAINLESS STEEL 316 BODY CLASS 150 AS PER ASME B16.20,EACH,GASKET,GASKET,SS316,80.0,150.0,,UNKNOWN,ASMEB16.20,STAINLESS STEEL 316 GASKET DN80 CL150,VLV-BALLVALVE-SS316-DN15-CL150-00001-6,STAINLESS STEEL 316 BALL VALVE DN15 CL150 RF,HPCL|HP-00063,MAT0070
HPCL,HP-00064,"SPIRAL WOUND GASKET, 100MM (DN100), STAINLESS STEEL 316 BODY, CLASS 150, AS PER ASME B16.20",EA,ASME B16.20,2026-09-25 07:08:16.086799+00:00,SPIRAL WOUND GASKET 100 MM (DN 100) STAINLESS STEEL 316 BODY CLASS 150 AS PER ASME B16.20,EACH,GASKET,GASKET,SS316,100.0,150.0,,UNKNOWN,ASMEB16.20,STAINLESS STEEL 316 GASKET DN100 CL150,VLV-BALLVALVE-SS316-DN15-CL150-00001-6,STAINLESS STEEL 316 BALL VALVE DN15 CL150 RF,HPCL|HP-00064,MAT0071
HPCL,HP-00065,"SPIRAL WOUND GASKET, 150MM (DN150), STAINLESS STEEL 316 BODY, CLASS 150, AS PER ASME B16.20",NOS,ASME B16.20,2026-09-25 07:08:16.086799+00:00,SPIRAL WOUND GASKET 150 MM (DN 150) STAINLESS STEEL 316 BODY CLASS 150 AS PER ASME B16.20,EACH,GASKET,GASKET,SS316,150.0,150.0,,UNKNOWN,ASMEB16.20,STAINLESS STEEL 316 GASKET DN150 CL150,VLV-BALLVALVE-SS316-DN15-CL150-00001-6,STAINLESS STEEL 316 BALL VALVE DN15 CL150 RF,HPCL|HP-00065,MAT0072
HPCL,HP-00066,"SPIRAL WOUND GASKET, 200MM (DN200), STAINLESS STEEL 316 BODY, CLASS 150, AS PER ASME B16.20",EA,ASME B16.20,2026-09-25 07:08:16.086799+00:00,SPIRAL WOUND GASKET 200 MM (DN 200) STAINLESS STEEL 316 BODY CLASS 150 AS PER ASME B16.20,EACH,GASKET,GASKET,SS316,200.0,150.0,,UNKNOWN,ASMEB16.20,STAINLESS STEEL 316 GASKET DN200 CL150,VLV-BALLVALVE-SS316-DN15-CL150-00001-6,STAINLESS STEEL 316 BALL VALVE DN15 CL150 RF,HPCL|HP-00066,MAT0073
HPCL,HP-00067,"SPIRAL WOUND GASKET, 50MM (DN50), STAINLESS STEEL 316 BODY, CLASS 300, AS PER ASME B16.20",EA,ASME B16.20,2026-09-25 07:08:16.086799+00:00,SPIRAL WOUND GASKET 50 MM (DN 50) STAINLESS STEEL 316 BODY CLASS 300 AS PER ASME B16.20,EACH,GASKET,GASKET,SS316,50.0,300.0,,UNKNOWN,ASMEB16.20,STAINLESS STEEL 316 GASKET DN50 CL300,VLV-BALLVALVE-SS316-DN15-CL150-00001-6,STAINLESS STEEL 316 BALL VALVE DN15 CL150 RF,HPCL|HP-00067,MAT0074
HPCL,HP-00068,"SPIRAL WOUND GASKET, 80MM (DN80), STAINLESS STEEL 316 BODY, CLASS 300, AS PER ASME B16.20",NOS,ASME B16.20,2026-09-25 07:08:16.086799+00:00,SPIRAL WOUND GASKET 80 MM (DN 80) STAINLESS STEEL 316 BODY CLASS 300 AS PER ASME B16.20,EACH,GASKET,GASKET,SS316,80.0,300.0,,UNKNOWN,ASMEB16.20,STAINLESS STEEL 316 GASKET DN80 CL300,VLV-BALLVALVE-SS316-DN15-CL150-00001-6,STAINLESS STEEL 316 BALL VALVE DN15 CL150 RF,HPCL|HP-00068,MAT0075
HPCL,HP-00069,"SPIRAL WOUND GASKET, 100MM (DN100), STAINLESS STEEL 316 BODY, CLASS 300, AS PER ASME B16.20",NOS,ASME B16.20,2026-09-25 07:08:16.086799+00:00,SPIRAL WOUND GASKET 100 MM (DN 100) STAINLESS STEEL 316 BODY CLASS 300 AS PER ASME B16.20,EACH,GASKET,GASKET,SS316,100.0,300.0,,UNKNOWN,ASMEB16.20,STAINLESS STEEL 316 GASKET DN100 CL300,VLV-BALLVALVE-SS316-DN15-CL150-00001-6,STAINLESS STEEL 316 BALL VALVE DN15 CL150 RF,HPCL|HP-00069,MAT0076
HPCL,HP-00070,"SPIRAL WOUND GASKET, 150MM (DN150), STAINLESS STEEL 316 BODY, CLASS 300, AS PER ASME B16.20",NOS,ASME B16.20,2026-09-25 07:08:16.086799+00:00,SPIRAL WOUND GASKET 150 MM (DN 150) STAINLESS STEEL 316 BODY CLASS 300 AS PER ASME B16.20,EACH,GASKET,GASKET,SS316,150.0,300.0,,UNKNOWN,ASMEB16.20,STAINLESS STEEL 316 GASKET DN150 CL300,VLV-BALLVALVE-SS316-DN15-CL150-00001-6,STAINLESS STEEL 316 BALL VALVE DN15 CL150 RF,HPCL|HP-00070,MAT0077
HPCL,HP-00071,"RING JOINT GASKET, 25MM (DN25), STAINLESS STEEL 316 BODY, CLASS 150, AS PER ASME B16.20",EA,ASME B16.20,2026-09-25 07:08:16.086799+00:00,RING JOINT GASKET 25 MM (DN 25) STAINLESS STEEL 316 BODY CLASS 150 AS PER ASME B16.20,EACH,GASKET,GASKET,SS316,25.0,150.0,,UNKNOWN,ASMEB16.20,STAINLESS STEEL 316 GASKET DN25 CL150,VLV-BALLVALVE-SS316-DN15-CL150-00001-6,STAINLESS STEEL 316 BALL VALVE DN15 CL150 RF,HPCL|HP-00071,MAT0078
HPCL,HP-00072,"RING JOINT GASKET, 50MM (DN50), STAINLESS STEEL 316 BODY, CLASS 150, AS PER ASME B16.20",EA,ASME B16.20,2026-09-25 07:08:16.086799+00:00,RING JOINT GASKET 50 MM (DN 50) STAINLESS STEEL 316 BODY CLASS 150 AS PER ASME B16.20,EACH,GASKET,GASKET,SS316,50.0,150.0,,UNKNOWN,ASMEB16.20,STAINLESS STEEL 316 GASKET DN50 CL150,VLV-BALLVALVE-SS316-DN15-CL150-00001-6,STAINLESS STEEL 316 BALL VALVE DN15 CL150 RF,HPCL|HP-00072,MAT0079
HPCL,HP-00073,"RING JOINT GASKET, 80MM (DN80), STAINLESS STEEL 316 BODY, CLASS 150, AS PER ASME B16.20",0,ASME B16.20,2026-09-25 07:08:16.086799+00:00,RING JOINT GASKET 80 MM (DN 80) STAINLESS STEEL 316 BODY CLASS 150 AS PER ASME B16.20,EACH,GASKET,GASKET,SS316,80.0,150.0,,UNKNOWN,ASMEB16.20,STAINLESS STEEL 316 GASKET DN80 CL150,VLV-BALLVALVE-SS316-DN15-CL150-00001-6,STAINLESS STEEL 316 BALL VALVE DN15 CL150 RF,HPCL|HP-00073,MAT0080
HPCL,HP-00074,"RING JOINT GASKET, 100MM (DN100), STAINLESS STEEL 316 BODY, CLASS 150, AS PER ASME B16.20",,ASME B16.20,2026-09-25 07:08:16.086799+00:00,RING JOINT GASKET 100 MM (DN 100) STAINLESS STEEL 316 BODY CLASS 150 AS PER ASME B16.20,EACH,GASKET,GASKET,SS316,100.0,150.0,,UNKNOWN,ASMEB16.20,STAINLESS STEEL 316 GASKET DN100 CL150,VLV-BALLVALVE-SS316-DN15-CL150-00001-6,STAINLESS STEEL 316 BALL VALVE DN15 CL150 RF,HPCL|HP-00074,MAT0081
HPCL,HP-00075,"ELBOW 90 DEG, 50MM (DN50), CARBON STEEL BODY, BUTT WELD, SCHEDULE 40, AS PER ASTM A234 WPB",EA,ASTM A234 WPB,2026-09-25 07:08:16.086799+00:00,ELBOW 90 DEG 50 MM (DN 50) CARBON STEEL BODY BUTT WELD SCHEDULE 40 AS PER ASTM A234 WPB,EACH,FITTING,ELBOW,CS,50.0,,40,BW,ASTMA234,CARBON STEEL ELBOW DN50 SCH40 BW,VLV-BALLVALVE-SS316-DN15-CL150-00001-6,STAINLESS STEEL 316 BALL VALVE DN15 CL150 RF,HPCL|HP-00075,MAT0082
HPCL,HP-00076,"ELBOW 90 DEG, 80MM (DN80), CARBON STEEL BODY, BUTT WELD, SCHEDULE 40, AS PER ASTM A234 WPB",EA,ASTM A234 WPB,2026-09-25 07:08:16.086799+00:00,ELBOW 90 DEG 80 MM (DN 80) CARBON STEEL BODY BUTT WELD SCHEDULE 40 AS PER ASTM A234 WPB,EACH,FITTING,ELBOW,CS,80.0,,40,BW,ASTMA234,CARBON STEEL ELBOW DN80 SCH40 BW,VLV-BALLVALVE-SS316-DN15-CL150-00001-6,STAINLESS STEEL 316 BALL VALVE DN15 CL150 RF,HPCL|HP-00076,MAT0083
HPCL,HP-00077,"ELBOW 90 DEG, 100MM (DN100), CARBON STEEL BODY, BUTT WELD, SCHEDULE 40, AS PER ASTM A234 WPB",NOS,ASTM A234 WPB,2026-09-25 07:08:16.086799+00:00,ELBOW 90 DEG 100 MM (DN 100) CARBON STEEL BODY BUTT WELD SCHEDULE 40 AS PER ASTM A234 WPB,EACH,FITTING,ELBOW,CS,100.0,,40,BW,ASTMA234,CARBON STEEL ELBOW DN100 SCH40 BW,VLV-BALLVALVE-SS316-DN15-CL150-00001-6,STAINLESS STEEL 316 BALL VALVE DN15 CL150 RF,HPCL|HP-00077,MAT0084
HPCL,HP-00078,"ELBOW 90 DEG, 150MM (DN150), CARBON STEEL BODY, BUTT WELD, SCHEDULE 40, AS PER ASTM A234 WPB",NOS,ASTM A234 WPB,2026-09-25 07:08:16.086799+00:00,ELBOW 90 DEG 150 MM (DN 150) CARBON STEEL BODY BUTT WELD SCHEDULE 40 AS PER ASTM A234 WPB,EACH,FITTING,ELBOW,CS,150.0,,40,BW,ASTMA234,CARBON STEEL ELBOW DN150 SCH40 BW,VLV-BALLVALVE-SS316-DN15-CL150-00001-6,STAINLESS STEEL 316 BALL VALVE DN15 CL150 RF,HPCL|HP-00078,MAT0085
HPCL,HP-00079,"ELBOW 45 DEG, 50MM (DN50), CARBON STEEL BODY, BUTT WELD, SCHEDULE 40, AS PER ASTM A234 WPB",EA,ASTM A234 WPB,2026-09-25 07:08:16.086799+00:00,ELBOW 45 DEG 50 MM (DN 50) CARBON STEEL BODY BUTT WELD SCHEDULE 40 AS PER ASTM A234 WPB,EACH,FITTING,ELBOW,CS,50.0,,40,BW,ASTMA234,CARBON STEEL ELBOW DN50 SCH40 BW,VLV-BALLVALVE-SS316-DN15-CL150-00001-6,STAINLESS STEEL 316 BALL VALVE DN15 CL150 RF,HPCL|HP-00079,MAT0086
HPCL,HP-00080,"ELBOW 45 DEG, 80MM (DN80), CARBON STEEL BODY, BUTT WELD, SCHEDULE 40, AS PER ASTM A234 WPB",NOS,ASTM A234 WPB,2026-09-25 07:08:16.086799+00:00,ELBOW 45 DEG 80 MM (DN 80) CARBON STEEL BODY BUTT WELD SCHEDULE 40 AS PER ASTM A234 WPB,EACH,FITTING,ELBOW,CS,80.0,,40,BW,ASTMA234,CARBON STEEL ELBOW DN80 SCH40 BW,VLV-BALLVALVE-SS316-DN15-CL150-00001-6,STAINLESS STEEL 316 BALL VALVE DN15 CL150 RF,HPCL|HP-00080,MAT0087
HPCL,HP-00081,"EQUAL TEE, 80MM (DN80), STAINLESS STEEL 316 BODY, BUTT WELD, SCHEDULE 80, AS PER ASTM A403 WP316",EA,ASTM A403 WP316,2026-09-25 07:08:16.086799+00:00,EQUAL TEE 80 MM (DN 80) STAINLESS STEEL 316 BODY BUTT WELD SCHEDULE 80 AS PER ASTM A403 WP316,EACH,FITTING,TEE,SS316,80.0,,80,BW,ASTMA403,STAINLESS STEEL 316 TEE DN80 SCH80 BW,VLV-BALLVALVE-SS316-DN15-CL150-00001-6,STAINLESS STEEL 316 BALL VALVE DN15 CL150 RF,HPCL|HP-00081,MAT0088
HPCL,HP-00082,"  EQUAL TEE, 100MM (DN100), STAINLESS STEEL 316 BODY, BUTT WELD, SCHEDULE 80, AS PER ASTM A403 WP316",EA,ASTM A403 WP316,2026-09-25 07:08:16.086799+00:00,EQUAL TEE 100 MM (DN 100) STAINLESS STEEL 316 BODY BUTT WELD SCHEDULE 80 AS PER ASTM A403 WP316,EACH,FITTING,TEE,SS316,100.0,,80,BW,ASTMA403,STAINLESS STEEL 316 TEE DN100 SCH80 BW,VLV-BALLVALVE-SS316-DN15-CL150-00001-6,STAINLESS STEEL 316 BALL VALVE DN15 CL150 RF,HPCL|HP-00082,MAT0089
HPCL,HP-00083,"CONC REDUCER, 100MM (DN100), CARBON STEEL BODY, BUTT WELD, SCHEDULE 40, AS PER ASTM A234 WPB",NOS,ASTM A234 WPB,2026-09-25 07:08:16.086799+00:00,CONC REDUCER 100 MM (DN 100) CARBON STEEL BODY BUTT WELD SCHEDULE 40 AS PER ASTM A234 WPB,EACH,FITTING,TEE,CS,100.0,,40,BW,ASTMA234,CARBON STEEL TEE DN100 SCH40 BW,VLV-BALLVALVE-SS316-DN15-CL150-00001-6,STAINLESS STEEL 316 BALL VALVE DN15 CL150 RF,HPCL|HP-00083,MAT0091
HPCL,HP-00084,"CONC REDUCER, 150MM (DN150), CARBON STEEL BODY, BUTT WELD, SCHEDULE 40, AS PER ASTM A234 WPB",EA,ASTM A234 WPB,2026-09-25 07:08:16.086799+00:00,CONC REDUCER 150 MM (DN 150) CARBON STEEL BODY BUTT WELD SCHEDULE 40 AS PER ASTM A234 WPB,EACH,FITTING,TEE,CS,150.0,,40,BW,ASTMA234,CARBON STEEL TEE DN150 SCH40 BW,VLV-BALLVALVE-SS316-DN15-CL150-00001-6,STAINLESS STEEL 316 BALL VALVE DN15 CL150 RF,HPCL|HP-00084,MAT0092
HPCL,HP-00085,"STUD BOLT, CARBON STEEL BODY, AS PER ASTM A193 B7, M16",EA,ASTM A193 B7,2026-09-25 07:08:16.086799+00:00,STUD BOLT CARBON STEEL BODY AS PER ASTM A193 B7 M16,EACH,FITTING,TEE,CS,,,,UNKNOWN,ASTMA193,CARBON STEEL TEE,VLV-BALLVALVE-SS316-DN15-CL150-00001-6,STAINLESS STEEL 316 BALL VALVE DN15 CL150 RF,HPCL|HP-00085,MAT0093
HPCL,HP-00086,"STUD BOLT, CARBON STEEL BODY, AS PER ASTM A193 B7, M20",EA,ASTM A193 B7,2026-09-25 07:08:16.086799+00:00,STUD BOLT CARBON STEEL BODY AS PER ASTM A193 B7 M20,EACH,FITTING,TEE,CS,,,,UNKNOWN,ASTMA193,CARBON STEEL TEE,VLV-BALLVALVE-SS316-DN15-CL150-00001-6,STAINLESS STEEL 316 BALL VALVE DN15 CL150 RF,HPCL|HP-00086,MAT0094
HPCL,HP-00087,"STUD BOLT, CARBON STEEL BODY, AS PER ASTM A193 B7, M24",EA,ASTM A193 B7,2026-09-25 07:08:16.086799+00:00,STUD BOLT CARBON STEEL BODY AS PER ASTM A193 B7 M24,EACH,FITTING,TEE,CS,,,,UNKNOWN,ASTMA193,CARBON STEEL TEE,VLV-BALLVALVE-SS316-DN15-CL150-00001-6,STAINLESS STEEL 316 BALL VALVE DN15 CL150 RF,HPCL|HP-00087,MAT0095
HPCL,HP-00088,"BALL BEARING, STEEL BODY, AS PER ISO, 6205 2RS",EA,ISO,2026-09-25 07:08:16.086799+00:00,BALL BEARING STEEL BODY AS PER ISO 6205 2RS,EACH,FITTING,TEE,UNKNOWN,,,,UNKNOWN,ISO,TEE,VLV-BALLVALVE-SS316-DN15-CL150-00001-6,STAINLESS STEEL 316 BALL VALVE DN15 CL150 RF,HPCL|HP-00088,MAT0096
HPCL,HP-00089,"BALL BEARING, STEEL BODY, AS PER ISO, 6206 2RS",EA,ISO,2026-09-25 07:08:16.086799+00:00,BALL BEARING STEEL BODY AS PER ISO 6206 2RS,EACH,FITTING,TEE,UNKNOWN,,,,UNKNOWN,ISO,TEE,VLV-BALLVALVE-SS316-DN15-CL150-00001-6,STAINLESS STEEL 316 BALL VALVE DN15 CL150 RF,HPCL|HP-00089,MAT0097
HPCL,HP-00090,"BALL BEARING, STEEL BODY, AS PER ISO, NU205",NOS,ISO,2026-09-25 07:08:16.086799+00:00,BALL BEARING STEEL BODY AS PER ISO NU205,EACH,FITTING,TEE,UNKNOWN,,,,UNKNOWN,ISO,TEE,VLV-BALLVALVE-SS316-DN15-CL150-00001-6,STAINLESS STEEL 316 BALL VALVE DN15 CL150 RF,HPCL|HP-00090,MAT0099
HPCL,HP-00091,"BALL BEARING, STEEL BODY, AS PER ISO, NU206",EA,ISO,2026-09-25 07:08:16.086799+00:00,BALL BEARING STEEL BODY AS PER ISO NU206,EACH,FITTING,TEE,UNKNOWN,,,,UNKNOWN,ISO,TEE,VLV-BALLVALVE-SS316-DN15-CL150-00001-6,STAINLESS STEEL 316 BALL VALVE DN15 CL150 RF,HPCL|HP-00091,MAT0100
HPCL,HP-00092,"CENTRIFUGAL PUMP, CARBON STEEL BODY, 50 M3/HR, 30M HEAD",NOS,,2026-09-25 07:08:16.086799+00:00,CENTRIFUGAL PUMP CARBON STEEL BODY 50 M3/HR 30M HEAD,EACH,FITTING,TEE,CS,,,,UNKNOWN,,CARBON STEEL TEE,VLV-BALLVALVE-SS316-DN15-CL150-00001-6,STAINLESS STEEL 316 BALL VALVE DN15 CL150 RF,HPCL|HP-00092,MAT0101
HPCL,HP-00093,"CENTRIFUGAL PUMP, STAINLESS STEEL 316 BODY, 50 M3/HR, 30M HEAD",NOS,,2026-09-25 07:08:16.086799+00:00,CENTRIFUGAL PUMP STAINLESS STEEL 316 BODY 50 M3/HR 30M HEAD,EACH,FITTING,TEE,SS316,,,,UNKNOWN,,STAINLESS STEEL 316 TEE,VLV-BALLVALVE-SS316-DN15-CL150-00001-6,STAINLESS STEEL 316 BALL VALVE DN15 CL150 RF,HPCL|HP-00093,MAT0102
HPCL,HP-00094,"INDUCTION MOTOR, STEEL BODY, 3PH, 11KW, 415V, 1500 RPM, IE3",EA,,2026-09-25 07:08:16.086799+00:00,INDUCTION MOTOR STEEL BODY 3PH 11KW 415V 1500 RPM IE3,EACH,FITTING,TEE,UNKNOWN,,,,UNKNOWN,,TEE,VLV-BALLVALVE-SS316-DN15-CL150-00001-6,STAINLESS STEEL 316 BALL VALVE DN15 CL150 RF,HPCL|HP-00094,MAT0103
HPCL,HP-00095,"INDUCTION MOTOR, STEEL BODY, 3PH, 15KW, 415V, 1500 RPM, IE3",NOS,,2026-09-25 07:08:16.086799+00:00,INDUCTION MOTOR STEEL BODY 3PH 15KW 415V 1500 RPM IE3,EACH,FITTING,TEE,UNKNOWN,,,,UNKNOWN,,TEE,VLV-BALLVALVE-SS316-DN15-CL150-00001-6,STAINLESS STEEL 316 BALL VALVE DN15 CL150 RF,HPCL|HP-00095,MAT0104
HPCL,HP-00096,"TEMPERATURE TRANSMITTER, STAINLESS STEEL 316 BODY, PT100, 4-20mA  ",EA,,2026-09-25 07:08:16.086799+00:00,TEMPERATURE TRANSMITTER STAINLESS STEEL 316 BODY PT100 4-20MA,EACH,FITTING,TEE,SS316,,,,UNKNOWN,,STAINLESS STEEL 316 TEE,VLV-BALLVALVE-SS316-DN15-CL150-00001-6,STAINLESS STEEL 316 BALL VALVE DN15 CL150 RF,HPCL|HP-00096,MAT0106
HPCL,HP-00097,"PRESSURE TRANSMITTER, STAINLESS STEEL 316 BODY, 0-10 BAR, 4-20mA, HART",NOS,,2026-09-25 07:08:16.086799+00:00,PRESSURE TRANSMITTER STAINLESS STEEL 316 BODY 0-10 BAR 4-20MA HART,EACH,FITTING,TEE,SS316,,,,UNKNOWN,,STAINLESS STEEL 316 TEE,VLV-BALLVALVE-SS316-DN15-CL150-00001-6,STAINLESS STEEL 316 BALL VALVE DN15 CL150 RF,HPCL|HP-00097,MAT0107
HPCL,HP-00098,"O-RING, 50MM (DN50), FKM BODY, 3MM CS",NOS,,2026-09-25 07:08:16.086799+00:00,O-RING 50 MM (DN 50) FKM BODY 3 MM CARBON STEEL,EACH,FITTING,TEE,CS,50.0,,,UNKNOWN,,CARBON STEEL TEE DN50,VLV-BALLVALVE-SS316-DN15-CL150-00001-6,STAINLESS STEEL 316 BALL VALVE DN15 CL150 RF,HPCL|HP-00098,MAT0108
HPCL,HP-00099,"O-RING, 50MM (DN50), FKM BODY, 4MM CS",NOS,,2026-09-25 07:08:16.086799+00:00,O-RING 50 MM (DN 50) FKM BODY 4 MM CARBON STEEL,EACH,FITTING,TEE,CS,50.0,,,UNKNOWN,,CARBON STEEL TEE DN50,VLV-BALLVALVE-SS316-DN15-CL150-00001-6,STAINLESS STEEL 316 BALL VALVE DN15 CL150 RF,HPCL|HP-00099,MAT0109
HPCL,HP-00100,"Y-STRAINER, 50MM (DN50), STAINLESS STEEL 316 BODY, CLASS 150, RAISED FACE, 40 MESH",EA,,2026-09-25 07:08:16.086799+00:00,Y-STRAINER 50 MM (DN 50) STAINLESS STEEL 316 BODY CLASS 150 RAISED FACE 40 MESH,EACH,FITTING,TEE,SS316,50.0,150.0,,RF,,STAINLESS STEEL 316 TEE DN50 CL150 RF,VLV-BALLVALVE-SS316-DN15-CL150-00001-6,STAINLESS STEEL 316 BALL VALVE DN15 CL150 RF,HPCL|HP-00100,MAT0112
HPCL,HP-00101,"Y-STRAINER, 50MM (DN50), STAINLESS STEEL 316 BODY, CLASS 150, RAISED FACE, 80 MESH",EA,,2026-09-25 07:08:16.086799+00:00,Y-STRAINER 50 MM (DN 50) STAINLESS STEEL 316 BODY CLASS 150 RAISED FACE 80 MESH,EACH,FITTING,TEE,SS316,50.0,150.0,,RF,,STAINLESS STEEL 316 TEE DN50 CL150 RF,VLV-BALLVALVE-SS316-DN15-CL150-00001-6,STAINLESS STEEL 316 BALL VALVE DN15 CL150 RF,HPCL|HP-00101,MAT0113
HPCL,HP-00102,"SAFETY RELIEF VALVE, CARBON STEEL BODY, 2X3 IN, SET 10 BAR",NOS,,2026-09-25 07:08:16.086799+00:00,SAFETY RELIEF VALVE CARBON STEEL BODY 2X3 IN SET 10 BAR,EACH,VALVE,SAFETY RELIEF,CS,76.2,,,UNKNOWN,,CARBON STEEL SAFETY RELIEF DN76,VLV-BALLVALVE-SS316-DN15-CL150-00001-6,STAINLESS STEEL 316 BALL VALVE DN15 CL150 RF,HPCL|HP-00102,MAT0114
HPCL,HP-00103,"SAFETY RELIEF VALVE, CARBON STEEL BODY, 2X3 IN, SET 15 BAR",EA,,2026-09-25 07:08:16.086799+00:00,SAFETY RELIEF VALVE CARBON STEEL BODY 2X3 IN SET 15 BAR,EACH,VALVE,SAFETY RELIEF,CS,76.2,,,UNKNOWN,,CARBON STEEL SAFETY RELIEF DN76,VLV-BALLVALVE-SS316-DN15-CL150-00001-6,STAINLESS STEEL 316 BALL VALVE DN15 CL150 RF,HPCL|HP-00103,MAT0115
IOCL,IO-00001,"Ball Valve 0.6"" (15MM) CS 150# RF Trim SS316 API 6D",PC,API 6D,2026-09-25 07:08:16.089495+00:00,BALL VALVE 0.6 (15 MM) CARBON STEEL 150# RAISED FACE TRIM STAINLESS STEEL 316 API 6D,EACH,VALVE,BALL VALVE,SS316,15.0,,,RF,API6D,STAINLESS STEEL 316 BALL VALVE DN15 RF,VLV-BALLVALVE-SS316-DN15-CL150-00001-6,STAINLESS STEEL 316 BALL VALVE DN15 CL150 RF,IOCL|IO-00001,MAT0001
IOCL,IO-00002,"Ball Valve 1.0"" (25MM) CS 150# RF Trim SS316 API 6D",PC,API 6D,2026-09-25 07:08:16.089495+00:00,BALL VALVE 1.0 (25 MM) CARBON STEEL 150# RAISED FACE TRIM STAINLESS STEEL 316 API 6D,EACH,VALVE,BALL VALVE,SS316,25.0,,,RF,API6D,STAINLESS STEEL 316 BALL VALVE DN25 RF,VLV-BALLVALVE-SS316-DN15-CL150-00001-6,STAINLESS STEEL 316 BALL VALVE DN15 CL150 RF,IOCL|IO-00002,MAT0002
IOCL,IO-00003,"Ball Valve 2.0"" (50MM) CS 150# RF Trim SS316 API 6D",NOS,API 6D,2026-09-25 07:08:16.089495+00:00,BALL VALVE 2.0 (50 MM) CARBON STEEL 150# RAISED FACE TRIM STAINLESS STEEL 316 API 6D,EACH,VALVE,BALL VALVE,SS316,50.0,,,RF,API6D,STAINLESS STEEL 316 BALL VALVE DN50 RF,VLV-BALLVALVE-SS316-DN15-CL150-00001-6,STAINLESS STEEL 316 BALL VALVE DN15 CL150 RF,IOCL|IO-00003,MAT0003
IOCL,IO-00004,"Ball Valve 2.0"" (50MM) CS 300# RF Trim SS316 API 6D",PC,API 6D,2026-09-25 07:08:16.089495+00:00,BALL VALVE 2.0 (50 MM) CARBON STEEL 300# RAISED FACE TRIM STAINLESS STEEL 316 API 6D,EACH,VALVE,BALL VALVE,SS316,50.0,,,RF,API6D,STAINLESS STEEL 316 BALL VALVE DN50 RF,VLV-BALLVALVE-SS316-DN15-CL150-00001-6,STAINLESS STEEL 316 BALL VALVE DN15 CL150 RF,IOCL|IO-00004,MAT0004
IOCL,IO-00005,"Ball Valve 3.1"" (80MM) CS 150# RF Trim SS316 API 6D",PC,API 6D,2026-09-25 07:08:16.089495+00:00,BALL VALVE 3.1 (80 MM) CARBON STEEL 150# RAISED FACE TRIM STAINLESS STEEL 316 API 6D,EACH,VALVE,BALL VALVE,SS316,80.0,,,RF,API6D,STAINLESS STEEL 316 BALL VALVE DN80 RF,VLV-BALLVALVE-SS316-DN15-CL150-00001-6,STAINLESS STEEL 316 BALL VALVE DN15 CL150 RF,IOCL|IO-00005,MAT0005
IOCL,IO-00006,"Ball Valve 3.1"" (80MM) CS 300# RF Trim SS316 API 6D",EA,API 6D,2026-09-25 07:08:16.089495+00:00,BALL VALVE 3.1 (80 MM) CARBON STEEL 300# RAISED FACE TRIM STAINLESS STEEL 316 API 6D,EACH,VALVE,BALL VALVE,SS316,80.0,,,RF,API6D,STAINLESS STEEL 316 BALL VALVE DN80 RF,VLV-BALLVALVE-SS316-DN15-CL150-00001-6,STAINLESS STEEL 316 BALL VALVE DN15 CL150 RF,IOCL|IO-00006,MAT0006
IOCL,IO-00007,"Ball Valve 3.9"" (100MM) CS 150# RF Trim SS316 API 6D  ",PC,API 6D,2026-09-25 07:08:16.089495+00:00,BALL VALVE 3.9 (100 MM) CARBON STEEL 150# RAISED FACE TRIM STAINLESS STEEL 316 API 6D,EACH,VALVE,BALL VALVE,SS316,100.0,,,RF,API6D,STAINLESS STEEL 316 BALL VALVE DN100 RF,VLV-BALLVALVE-SS316-DN15-CL150-00001-6,STAINLESS STEEL 316 BALL VALVE DN15 CL150 RF,IOCL|IO-00007,MAT0007
IOCL,IO-00008,Ball Valve 3.9? [100MM] CS 300# RF Trim SS316 API 6D,EA,API 6D,2026-09-25 07:08:16.089495+00:00,BALL VALVE 3.9 100 MM CARBON STEEL 300# RAISED FACE TRIM STAINLESS STEEL 316 API 6D,EACH,VALVE,BALL VALVE,SS316,100.0,,,RF,API6D,STAINLESS STEEL 316 BALL VALVE DN100 RF,VLV-BALLVALVE-SS316-DN15-CL150-00001-6,STAINLESS STEEL 316 BALL VALVE DN15 CL150 RF,IOCL|IO-00008,MAT0008
IOCL,IO-00009,"Ball Valve 5.9"" (150MM) CS 150# RF Trim SS316 API 6D",NOS,API 6D,2026-09-25 07:08:16.089495+00:00,BALL VALVE 5.9 (150 MM) CARBON STEEL 150# RAISED FACE TRIM STAINLESS STEEL 316 API 6D,EACH,VALVE,BALL VALVE,SS316,150.0,,,RF,API6D,STAINLESS STEEL 316 BALL VALVE DN150 RF,VLV-BALLVALVE-SS316-DN15-CL150-00001-6,STAINLESS STEEL 316 BALL VALVE DN15 CL150 RF,IOCL|IO-00009,MAT0009
IOCL,IO-00010,"Ball Valve 7.9"" (200MM) CS 300# RF Trim SS316 API 6D",NOS,API 6D,2026-09-25 07:08:16.089495+00:00,BALL VALVE 7.9 (200 MM) CARBON STEEL 300# RAISED FACE TRIM STAINLESS STEEL 316 API 6D,EACH,VALVE,BALL VALVE,SS316,200.0,,,RF,API6D,STAINLESS STEEL 316 BALL VALVE DN200 RF,VLV-BALLVALVE-SS316-DN15-CL150-00001-6,STAINLESS STEEL 316 BALL VALVE DN15 CL150 RF,IOCL|IO-00010,MAT0010
IOCL,IO-00011,"Ball Valve 2.0"" (50MM) SS316 300# RTJ Trim SS316 API 6D",NOS,API 6D,2026-09-25 07:08:16.089495+00:00,BALL VALVE 2.0 (50 MM) STAINLESS STEEL 316 300# RING TYPE JOINT TRIM STAINLESS STEEL 316 API 6D,EACH,VALVE,BALL VALVE,SS316,50.0,,,RTJ,API6D,STAINLESS STEEL 316 BALL VALVE DN50 RTJ,VLV-BALLVALVE-SS316-DN15-CL150-00001-6,STAINLESS STEEL 316 BALL VALVE DN15 CL150 RF,IOCL|IO-00011,MAT0011
IOCL,IO-00012,"Ball Valve 3.1"" (80MM) SS316 300# RTJ Trim SS316 API 6D",PC,API 6D,2026-09-25 07:08:16.089495+00:00,BALL VALVE 3.1 (80 MM) STAINLESS STEEL 316 300# RING TYPE JOINT TRIM STAINLESS STEEL 316 API 6D,EACH,VALVE,BALL VALVE,SS316,80.0,,,RTJ,API6D,STAINLESS STEEL 316 BALL VALVE DN80 RTJ,VLV-BALLVALVE-SS316-DN15-CL150-00001-6,STAINLESS STEEL 316 BALL VALVE DN15 CL150 RF,IOCL|IO-00012,MAT0012
IOCL,IO-00013,"Ball Valve 3.9"" (100MM) SS316 300# RTJ Trim SS316 API 6D",EA,API 6D,2026-09-25 07:08:16.089495+00:00,BALL VALVE 3.9 (100 MM) STAINLESS STEEL 316 300# RING TYPE JOINT TRIM STAINLESS STEEL 316 API 6D,EACH,VALVE,BALL VALVE,SS316,100.0,,,RTJ,API6D,STAINLESS STEEL 316 BALL VALVE DN100 RTJ,VLV-BALLVALVE-SS316-DN15-CL150-00001-6,STAINLESS STEEL 316 BALL VALVE DN15 CL150 RF,IOCL|IO-00013,MAT0013
IOCL,IO-00014,"Ball Valve 5.9"" (150MM) SS316 300# RTJ Trim SS316 API 6D",PC,API 6D,2026-09-25 07:08:16.089495+00:00,BALL VALVE 5.9 (150 MM) STAINLESS STEEL 316 300# RING TYPE JOINT TRIM STAINLESS STEEL 316 API 6D,EACH,VALVE,BALL VALVE,SS316,150.0,,,RTJ,API6D,STAINLESS STEEL 316 BALL VALVE DN150 RTJ,VLV-BALLVALVE-SS316-DN15-CL150-00001-6,STAINLESS STEEL 316 BALL VALVE DN15 CL150 RF,IOCL|IO-00014,MAT0014
IOCL,IO-00015,"Ball Valve 7.9"" (200MM) SS316 300# RTJ Trim SS316 API 6D",EA,API 6D,2026-09-25 07:08:16.089495+00:00,BALL VALVE 7.9 (200 MM) STAINLESS STEEL 316 300# RING TYPE JOINT TRIM STAINLESS STEEL 316 API 6D,EACH,VALVE,BALL VALVE,SS316,200.0,,,RTJ,API6D,STAINLESS STEEL 316 BALL VALVE DN200 RTJ,VLV-BALLVALVE-SS316-DN15-CL150-00001-6,STAINLESS STEEL 316 BALL VALVE DN15 CL150 RF,IOCL|IO-00015,MAT0015
IOCL,IO-00016,"Gate Valve 2.0"" (50MM) CS 150# RF API 600",EA,API 600,2026-09-25 07:08:16.089495+00:00,GATE VALVE 2.0 (50 MM) CARBON STEEL 150# RAISED FACE API 600,EACH,VALVE,GATE VALVE,CS,50.0,,,RF,API600,CARBON STEEL GATE VALVE DN50 RF,VLV-BALLVALVE-SS316-DN15-CL150-00001-6,STAINLESS STEEL 316 BALL VALVE DN15 CL150 RF,IOCL|IO-00016,MAT0016
IOCL,IO-00017,"Gate Valve 3.1"" (80MM) CS 150# RF API 600",PC,API 600,2026-09-25 07:08:16.089495+00:00,GATE VALVE 3.1 (80 MM) CARBON STEEL 150# RAISED FACE API 600,EACH,VALVE,GATE VALVE,CS,80.0,,,RF,API600,CARBON STEEL GATE VALVE DN80 RF,VLV-BALLVALVE-SS316-DN15-CL150-00001-6,STAINLESS STEEL 316 BALL VALVE DN15 CL150 RF,IOCL|IO-00017,MAT0017
IOCL,IO-00018,Gate Valve 5.9? [150MM] CS 150# RF API 600,EA,API 600,2026-09-25 07:08:16.089495+00:00,GATE VALVE 5.9 150 MM CARBON STEEL 150# RAISED FACE API 600,EACH,VALVE,GATE VALVE,CS,150.0,,,RF,API600,CARBON STEEL GATE VALVE DN150 RF,VLV-BALLVALVE-SS316-DN15-CL150-00001-6,STAINLESS STEEL 316 BALL VALVE DN15 CL150 RF,IOCL|IO-00018,MAT0019
IOCL,IO-00019,"Gate Valve 7.9"" (200MM) CS 150# RF API 600",NOS,API 600,2026-09-25 07:08:16.089495+00:00,GATE VALVE 7.9 (200 MM) CARBON STEEL 150# RAISED FACE API 600,EACH,VALVE,GATE VALVE,CS,200.0,,,RF,API600,CARBON STEEL GATE VALVE DN200 RF,VLV-BALLVALVE-SS316-DN15-CL150-00001-6,STAINLESS STEEL 316 BALL VALVE DN15 CL150 RF,IOCL|IO-00019,MAT0020
IOCL,IO-00020,"Gate Valve 2.0"" (50MM) SS316 300# RTJ API 600",EA,API 600,2026-09-25 07:08:16.089495+00:00,GATE VALVE 2.0 (50 MM) STAINLESS STEEL 316 300# RING TYPE JOINT API 600,EACH,VALVE,GATE VALVE,SS316,50.0,,,RTJ,API600,STAINLESS STEEL 316 GATE VALVE DN50 RTJ,VLV-BALLVALVE-SS316-DN15-CL150-00001-6,STAINLESS STEEL 316 BALL VALVE DN15 CL150 RF,IOCL|IO-00020,MAT0021
IOCL,IO-00021,"Gate Valve 3.1"" (80MM) SS316 300# RTJ API 600",PC,API 600,2026-09-25 07:08:16.089495+00:00,GATE VALVE 3.1 (80 MM) STAINLESS STEEL 316 300# RING TYPE JOINT API 600,EACH,VALVE,GATE VALVE,SS316,80.0,,,RTJ,API600,STAINLESS STEEL 316 GATE VALVE DN80 RTJ,VLV-BALLVALVE-SS316-DN15-CL150-00001-6,STAINLESS STEEL 316 BALL VALVE DN15 CL150 RF,IOCL|IO-00021,MAT0022
IOCL,IO-00022,"Gate Valve 3.9"" (100MM) SS316 300# RTJ API 600",NOS,API 600,2026-09-25 07:08:16.089495+00:00,GATE VALVE 3.9 (100 MM) STAINLESS STEEL 316 300# RING TYPE JOINT API 600,EACH,VALVE,GATE VALVE,SS316,100.0,,,RTJ,API600,STAINLESS STEEL 316 GATE VALVE DN100 RTJ,VLV-BALLVALVE-SS316-DN15-CL150-00001-6,STAINLESS STEEL 316 BALL VALVE DN15 CL150 RF,IOCL|IO-00022,MAT0023
IOCL,IO-00023,Gate Valve 5.9? [150MM] SS316 300# RTJ API 600,NOS,API 600,2026-09-25 07:08:16.089495+00:00,GATE VALVE 5.9 150 MM STAINLESS STEEL 316 300# RING TYPE JOINT API 600,EACH,VALVE,GATE VALVE,SS316,150.0,,,RTJ,API600,STAINLESS STEEL 316 GATE VALVE DN150 RTJ,VLV-BALLVALVE-SS316-DN15-CL150-00001-6,STAINLESS STEEL 316 BALL VALVE DN15 CL150 RF,IOCL|IO-00023,MAT0024
IOCL,IO-00024,Globe Valve 2.0? [50MM] CS 150# RF API 623,PC,API 623,2026-09-25 07:08:16.089495+00:00,GLOBE VALVE 2.0 50 MM CARBON STEEL 150# RAISED FACE API 623,EACH,VALVE,GLOBE VALVE,CS,50.0,,,RF,API623,CARBON STEEL GLOBE VALVE DN50 RF,VLV-BALLVALVE-SS316-DN15-CL150-00001-6,STAINLESS STEEL 316 BALL VALVE DN15 CL150 RF,IOCL|IO-00024,MAT0025
IOCL,IO-00025,"Globe Valve 3.1"" (80MM) CS 150# RF API 623",EA,API 623,2026-09-25 07:08:16.089495+00:00,GLOBE VALVE 3.1 (80 MM) CARBON STEEL 150# RAISED FACE API 623,EACH,VALVE,GLOBE VALVE,CS,80.0,,,RF,API623,CARBON STEEL GLOBE VALVE DN80 RF,VLV-BALLVALVE-SS316-DN15-CL150-00001-6,STAINLESS STEEL 316 BALL VALVE DN15 CL150 RF,IOCL|IO-00025,MAT0026
IOCL,IO-00026,"Globe Valve 3.9"" (100MM) CS 150# RF API 623",NOS,API 623,2026-09-25 07:08:16.089495+00:00,GLOBE VALVE 3.9 (100 MM) CARBON STEEL 150# RAISED FACE API 623,EACH,VALVE,GLOBE VALVE,CS,100.0,,,RF,API623,CARBON STEEL GLOBE VALVE DN100 RF,VLV-BALLVALVE-SS316-DN15-CL150-00001-6,STAINLESS STEEL 316 BALL VALVE DN15 CL150 RF,IOCL|IO-00026,MAT0027
IOCL,IO-00027,"Globe Valve 3.1"" (80MM) SS316 300# RTJ API 623",PC,API 623,2026-09-25 07:08:16.089495+00:00,GLOBE VALVE 3.1 (80 MM) STAINLESS STEEL 316 300# RING TYPE JOINT API 623,EACH,VALVE,GLOBE VALVE,SS316,80.0,,,RTJ,API623,STAINLESS STEEL 316 GLOBE VALVE DN80 RTJ,VLV-BALLVALVE-SS316-DN15-CL150-00001-6,STAINLESS STEEL 316 BALL VALVE DN15 CL150 RF,IOCL|IO-00027,MAT0029
IOCL,IO-00028,"Check Valve 3.1"" (80MM) ALLOY20 600# BW API 594",EA,API 594,2026-09-25 07:08:16.089495+00:00,CHECK VALVE 3.1 (80 MM) ALLOY20 600# BUTT WELD API 594,EACH,VALVE,CHECK VALVE,UNKNOWN,80.0,,,BW,API594,CHECK VALVE DN80 BW,VLV-BALLVALVE-SS316-DN15-CL150-00001-6,STAINLESS STEEL 316 BALL VALVE DN15 CL150 RF,IOCL|IO-00028,MAT0030
IOCL,IO-00029,"Check Valve 3.9"" (100MM) ALLOY20 600# BW API 594",NOS,API 594,2026-09-25 07:08:16.089495+00:00,CHECK VALVE 3.9 (100 MM) ALLOY20 600# BUTT WELD API 594,EACH,VALVE,CHECK VALVE,UNKNOWN,100.0,,,BW,API594,CHECK VALVE DN100 BW,VLV-BALLVALVE-SS316-DN15-CL150-00001-6,STAINLESS STEEL 316 BALL VALVE DN15 CL150 RF,IOCL|IO-00029,MAT0031
IOCL,IO-00030,"Check Valve 5.9"" (150MM) ALLOY20 600# BW API 594",EA,API 594,2026-09-25 07:08:16.089495+00:00,CHECK VALVE 5.9 (150 MM) ALLOY20 600# BUTT WELD API 594,EACH,VALVE,CHECK VALVE,UNKNOWN,150.0,,,BW,API594,CHECK VALVE DN150 BW,VLV-BALLVALVE-SS316-DN15-CL150-00001-6,STAINLESS STEEL 316 BALL VALVE DN15 CL150 RF,IOCL|IO-00030,MAT0032
IOCL,IO-00031,"Butterfly Valve 3.1"" (80MM) CI 150# WAFER API 609",EA,API 609,2026-09-25 07:08:16.089495+00:00,BUTTERFLY VALVE 3.1 (80 MM) CAST IRON 150# WAFER API 609,EACH,VALVE,BUTTERFLY,CI,80.0,,,WAFER,API609,CAST IRON BUTTERFLY DN80 WAFER,VLV-BALLVALVE-SS316-DN15-CL150-00001-6,STAINLESS STEEL 316 BALL VALVE DN15 CL150 RF,IOCL|IO-00031,MAT0034
IOCL,IO-00032,"Butterfly Valve 3.9"" (100MM) CI 150# WAFER API 609",EA,API 609,2026-09-25 07:08:16.089495+00:00,BUTTERFLY VALVE 3.9 (100 MM) CAST IRON 150# WAFER API 609,EACH,VALVE,BUTTERFLY,CI,100.0,,,WAFER,API609,CAST IRON BUTTERFLY DN100 WAFER,VLV-BALLVALVE-SS316-DN15-CL150-00001-6,STAINLESS STEEL 316 BALL VALVE DN15 CL150 RF,IOCL|IO-00032,MAT0035
IOCL,IO-00033,"Butterfly Valve 5.9"" (150MM) CI 150# WAFER API 609",PC,API 609,2026-09-25 07:08:16.089495+00:00,BUTTERFLY VALVE 5.9 (150 MM) CAST IRON 150# WAFER API 609,EACH,VALVE,BUTTERFLY,CI,150.0,,,WAFER,API609,CAST IRON BUTTERFLY DN150 WAFER,VLV-BALLVALVE-SS316-DN15-CL150-00001-6,STAINLESS STEEL 316 BALL VALVE DN15 CL150 RF,IOCL|IO-00033,MAT0036
IOCL,IO-00034,"Butterfly Valve 7.9"" (200MM) CI 150# WAFER API 609",NOS,API 609,2026-09-25 07:08:16.089495+00:00,BUTTERFLY VALVE 7.9 (200 MM) CAST IRON 150# WAFER API 609,EACH,VALVE,BUTTERFLY,CI,200.0,,,WAFER,API609,CAST IRON BUTTERFLY DN200 WAFER,VLV-BALLVALVE-SS316-DN15-CL150-00001-6,STAINLESS STEEL 316 BALL VALVE DN15 CL150 RF,IOCL|IO-00034,MAT0037
IOCL,IO-00035,"Butterfly Valve 9.8"" (250MM) CI 150# WAFER API 609",PC,API 609,2026-09-25 07:08:16.089495+00:00,BUTTERFLY VALVE 9.8 (250 MM) CAST IRON 150# WAFER API 609,EACH,VALVE,BUTTERFLY,CI,250.0,,,WAFER,API609,CAST IRON BUTTERFLY DN250 WAFER,VLV-BALLVALVE-SS316-DN15-CL150-00001-6,STAINLESS STEEL 316 BALL VALVE DN15 CL150 RF,IOCL|IO-00035,MAT0038
IOCL,IO-00036,"Check Valve 2.0"" (50MM) CS 150# RF API 594",PC,API 594,2026-09-25 07:08:16.089495+00:00,CHECK VALVE 2.0 (50 MM) CARBON STEEL 150# RAISED FACE API 594,EACH,VALVE,CHECK VALVE,CS,50.0,,,RF,API594,CARBON STEEL CHECK VALVE DN50 RF,VLV-BALLVALVE-SS316-DN15-CL150-00001-6,STAINLESS STEEL 316 BALL VALVE DN15 CL150 RF,IOCL|IO-00036,MAT0040
IOCL,IO-00037,"Check Valve 3.1"" (80MM) CS 150# RF API 594",NOS,API 594,2026-09-25 07:08:16.089495+00:00,CHECK VALVE 3.1 (80 MM) CARBON STEEL 150# RAISED FACE API 594,EACH,VALVE,CHECK VALVE,CS,80.0,,,RF,API594,CARBON STEEL CHECK VALVE DN80 RF,VLV-BALLVALVE-SS316-DN15-CL150-00001-6,STAINLESS STEEL 316 BALL VALVE DN15 CL150 RF,IOCL|IO-00037,MAT0041
IOCL,IO-00038,"Check Valve 3.9"" (100MM) CS 150# RF API 594",EA,API 594,2026-09-25 07:08:16.089495+00:00,CHECK VALVE 3.9 (100 MM) CARBON STEEL 150# RAISED FACE API 594,EACH,VALVE,CHECK VALVE,CS,100.0,,,RF,API594,CARBON STEEL CHECK VALVE DN100 RF,VLV-BALLVALVE-SS316-DN15-CL150-00001-6,STAINLESS STEEL 316 BALL VALVE DN15 CL150 RF,IOCL|IO-00038,MAT0042
IOCL,IO-00039,"Seamless Pipe 2.0"" (50MM) CS Sch 40 ASTM A106 GR B",NOS,ASTM A106 GR B,2026-09-25 07:08:16.089495+00:00,SEAMLESS PIPE 2.0 (50 MM) CARBON STEEL SCH 40 ASTM A106 GR B,EACH,PIPE,PIPE,CS,50.0,,40,UNKNOWN,ASTMA106,CARBON STEEL PIPE DN50 SCH40,VLV-BALLVALVE-SS316-DN15-CL150-00001-6,STAINLESS STEEL 316 BALL VALVE DN15 CL150 RF,IOCL|IO-00039,MAT0043
IOCL,IO-00040,"Seamless Pipe 3.9"" (100MM) CS Sch 40 ASTM A106 GR B  ",NOS,ASTM A106 GR B,2026-09-25 07:08:16.089495+00:00,SEAMLESS PIPE 3.9 (100 MM) CARBON STEEL SCH 40 ASTM A106 GR B,EACH,PIPE,PIPE,CS,100.0,,40,UNKNOWN,ASTMA106,CARBON STEEL PIPE DN100 SCH40,VLV-BALLVALVE-SS316-DN15-CL150-00001-6,STAINLESS STEEL 316 BALL VALVE DN15 CL150 RF,IOCL|IO-00040,MAT0045
IOCL,IO-00041,"Seamless Pipe 5.9"" (150MM) CS Sch 40 ASTM A106 GR B",PC,ASTM A106 GR B,2026-09-25 07:08:16.089495+00:00,SEAMLESS PIPE 5.9 (150 MM) CARBON STEEL SCH 40 ASTM A106 GR B,EACH,PIPE,PIPE,CS,150.0,,40,UNKNOWN,ASTMA106,CARBON STEEL PIPE DN150 SCH40,VLV-BALLVALVE-SS316-DN15-CL150-00001-6,STAINLESS STEEL 316 BALL VALVE DN15 CL150 RF,IOCL|IO-00041,MAT0046
IOCL,IO-00042,"Seamless Pipe 9.8"" (250MM) CS Sch 40 ASTM A106 GR B",PC,ASTM A106 GR B,2026-09-25 07:08:16.089495+00:00,SEAMLESS PIPE 9.8 (250 MM) CARBON STEEL SCH 40 ASTM A106 GR B,EACH,PIPE,PIPE,CS,250.0,,40,UNKNOWN,ASTMA106,CARBON STEEL PIPE DN250 SCH40,VLV-BALLVALVE-SS316-DN15-CL150-00001-6,STAINLESS STEEL 316 BALL VALVE DN15 CL150 RF,IOCL|IO-00042,MAT0048
IOCL,IO-00043,"Seamless Pipe 11.8"" (300MM) CS Sch 40 ASTM A106 GR B",NOS,ASTM A106 GR B,2026-09-25 07:08:16.089495+00:00,SEAMLESS PIPE 11.8 (300 MM) CARBON STEEL SCH 40 ASTM A106 GR B,EACH,PIPE,PIPE,CS,300.0,,40,UNKNOWN,ASTMA106,CARBON STEEL PIPE DN300 SCH40,VLV-BALLVALVE-SS316-DN15-CL150-00001-6,STAINLESS STEEL 316 BALL VALVE DN15 CL150 RF,IOCL|IO-00043,MAT0049
IOCL,IO-00044,"Seamless Pipe 1.0"" (25MM) SS304 Sch 80 ASTM A312 TP304L",PC,ASTM A312 TP304L,2026-09-25 07:08:16.089495+00:00,SEAMLESS PIPE 1.0 (25 MM) STAINLESS STEEL 304 SCH 80 ASTM A312 TP304L,EACH,PIPE,PIPE,SS304,25.0,,80,UNKNOWN,ASTMA312,STAINLESS STEEL 304 PIPE DN25 SCH80,VLV-BALLVALVE-SS316-DN15-CL150-00001-6,STAINLESS STEEL 316 BALL VALVE DN15 CL150 RF,IOCL|IO-00044,MAT0050
IOCL,IO-00045,"Seamless Pipe 2.0"" (50MM) SS304 Sch 80 ASTM A312 TP304L  ",PC,ASTM A312 TP304L,2026-09-25 07:08:16.089495+00:00,SEAMLESS PIPE 2.0 (50 MM) STAINLESS STEEL 304 SCH 80 ASTM A312 TP304L,EACH,PIPE,PIPE,SS304,50.0,,80,UNKNOWN,ASTMA312,STAINLESS STEEL 304 PIPE DN50 SCH80,VLV-BALLVALVE-SS316-DN15-CL150-00001-6,STAINLESS STEEL 316 BALL VALVE DN15 CL150 RF,IOCL|IO-00045,MAT0051
IOCL,IO-00046,"Seamless Pipe 3.1"" (80MM) SS304 Sch 80 ASTM A312 TP304L",NOS,ASTM A312 TP304L,2026-09-25 07:08:16.089495+00:00,SEAMLESS PIPE 3.1 (80 MM) STAINLESS STEEL 304 SCH 80 ASTM A312 TP304L,EACH,PIPE,PIPE,SS304,80.0,,80,UNKNOWN,ASTMA312,STAINLESS STEEL 304 PIPE DN80 SCH80,VLV-BALLVALVE-SS316-DN15-CL150-00001-6,STAINLESS STEEL 316 BALL VALVE DN15 CL150 RF,IOCL|IO-00046,MAT0052
IOCL,IO-00047,"Seamless Pipe 3.9"" (100MM) SS304 Sch 80 ASTM A312 TP304L",EA,ASTM A312 TP304L,2026-09-25 07:08:16.089495+00:00,SEAMLESS PIPE 3.9 (100 MM) STAINLESS STEEL 304 SCH 80 ASTM A312 TP304L,EACH,PIPE,PIPE,SS304,100.0,,80,UNKNOWN,ASTMA312,STAINLESS STEEL 304 PIPE DN100 SCH80,VLV-BALLVALVE-SS316-DN15-CL150-00001-6,STAINLESS STEEL 316 BALL VALVE DN15 CL150 RF,IOCL|IO-00047,MAT0053
IOCL,IO-00048,"Welded Pipe 9.8"" (250MM) SS304 Sch 80 ASTM A312 TP304L",NOS,ASTM A312 TP304L,2026-09-25 07:08:16.089495+00:00,WELDED PIPE 9.8 (250 MM) STAINLESS STEEL 304 SCH 80 ASTM A312 TP304L,EACH,PIPE,PIPE,SS304,250.0,,80,UNKNOWN,ASTMA312,STAINLESS STEEL 304 PIPE DN250 SCH80,VLV-BALLVALVE-SS316-DN15-CL150-00001-6,STAINLESS STEEL 316 BALL VALVE DN15 CL150 RF,IOCL|IO-00048,MAT0055
IOCL,IO-00049,"Welded Pipe 11.8"" (300MM) SS304 Sch 80 ASTM A312 TP304L",EA,ASTM A312 TP304L,2026-09-25 07:08:16.089495+00:00,WELDED PIPE 11.8 (300 MM) STAINLESS STEEL 304 SCH 80 ASTM A312 TP304L,EACH,PIPE,PIPE,SS304,300.0,,80,UNKNOWN,ASTMA312,STAINLESS STEEL 304 PIPE DN300 SCH80,VLV-BALLVALVE-SS316-DN15-CL150-00001-6,STAINLESS STEEL 316 BALL VALVE DN15 CL150 RF,IOCL|IO-00049,MAT0056
IOCL,IO-00050,"Weld Neck Flange 2.0"" (50MM) CS 150# RF ASTM A105",PC,ASTM A105,2026-09-25 07:08:16.089495+00:00,WELD NECK FLANGE 2.0 (50 MM) CARBON STEEL 150# RAISED FACE ASTM A105,EACH,FLANGE,FLANGE,CS,50.0,,,RF,ASTMA105,CARBON STEEL FLANGE DN50 RF,VLV-BALLVALVE-SS316-DN15-CL150-00001-6,STAINLESS STEEL 316 BALL VALVE DN15 CL150 RF,IOCL|IO-00050,MAT0057
IOCL,IO-00051,"Weld Neck Flange 3.1"" (80MM) CS 150# RF ASTM A105",EA,ASTM A105,2026-09-25 07:08:16.089495+00:00,WELD NECK FLANGE 3.1 (80 MM) CARBON STEEL 150# RAISED FACE ASTM A105,EACH,FLANGE,FLANGE,CS,80.0,,,RF,ASTMA105,CARBON STEEL FLANGE DN80 RF,VLV-BALLVALVE-SS316-DN15-CL150-00001-6,STAINLESS STEEL 316 BALL VALVE DN15 CL150 RF,IOCL|IO-00051,MAT0058
IOCL,IO-00052,"Weld Neck Flange 5.9"" (150MM) CS 150# RF ASTM A105",nos,ASTM A105,2026-09-25 07:08:16.089495+00:00,WELD NECK FLANGE 5.9 (150 MM) CARBON STEEL 150# RAISED FACE ASTM A105,EACH,FLANGE,FLANGE,CS,150.0,,,RF,ASTMA105,CARBON STEEL FLANGE DN150 RF,VLV-BALLVALVE-SS316-DN15-CL150-00001-6,STAINLESS STEEL 316 BALL VALVE DN15 CL150 RF,IOCL|IO-00052,MAT0060
IOCL,IO-00053,"Weld Neck Flange 7.9"" (200MM) CS 150# RF ASTM A105",NOS,ASTM A105,2026-09-25 07:08:16.089495+00:00,WELD NECK FLANGE 7.9 (200 MM) CARBON STEEL 150# RAISED FACE ASTM A105,EACH,FLANGE,FLANGE,CS,200.0,,,RF,ASTMA105,CARBON STEEL FLANGE DN200 RF,VLV-BALLVALVE-SS316-DN15-CL150-00001-6,STAINLESS STEEL 316 BALL VALVE DN15 CL150 RF,IOCL|IO-00053,MAT0061
IOCL,IO-00054,"Weld Neck Flange 2.0"" (50MM) CS 300# RF ASTM A105",PC,ASTM A105,2026-09-25 07:08:16.089495+00:00,WELD NECK FLANGE 2.0 (50 MM) CARBON STEEL 300# RAISED FACE ASTM A105,EACH,FLANGE,FLANGE,CS,50.0,,,RF,ASTMA105,CARBON STEEL FLANGE DN50 RF,VLV-BALLVALVE-SS316-DN15-CL150-00001-6,STAINLESS STEEL 316 BALL VALVE DN15 CL150 RF,IOCL|IO-00054,MAT0062
IOCL,IO-00055,"Weld Neck Flange 3.1"" (80MM) CS 300# RF ASTM A105",PC,ASTM A105,2026-09-25 07:08:16.089495+00:00,WELD NECK FLANGE 3.1 (80 MM) CARBON STEEL 300# RAISED FACE ASTM A105,EACH,FLANGE,FLANGE,CS,80.0,,,RF,ASTMA105,CARBON STEEL FLANGE DN80 RF,VLV-BALLVALVE-SS316-DN15-CL150-00001-6,STAINLESS STEEL 316 BALL VALVE DN15 CL150 RF,IOCL|IO-00055,MAT0063
IOCL,IO-00056,"Weld Neck Flange 3.9"" (100MM) CS 300# RF ASTM A105",PC,ASTM A105,2026-09-25 07:08:16.089495+00:00,WELD NECK FLANGE 3.9 (100 MM) CARBON STEEL 300# RAISED FACE ASTM A105,EACH,FLANGE,FLANGE,CS,100.0,,,RF,ASTMA105,CARBON STEEL FLANGE DN100 RF,VLV-BALLVALVE-SS316-DN15-CL150-00001-6,STAINLESS STEEL 316 BALL VALVE DN15 CL150 RF,IOCL|IO-00056,MAT0064
IOCL,IO-00057,"Blind Flange 2.0"" (50MM) SS316 150# RTJ ASTM A182",EA,ASTM A182,2026-09-25 07:08:16.089495+00:00,BLIND FLANGE 2.0 (50 MM) STAINLESS STEEL 316 150# RING TYPE JOINT ASTM A182,EACH,FLANGE,FLANGE,SS316,50.0,,,RTJ,ASTMA182,STAINLESS STEEL 316 FLANGE DN50 RTJ,VLV-BALLVALVE-SS316-DN15-CL150-00001-6,STAINLESS STEEL 316 BALL VALVE DN15 CL150 RF,IOCL|IO-00057,MAT0065
IOCL,IO-00058,"Blind Flange 2.0"" (50MM) SS316 300# RTJ ASTM A182",PC,ASTM A182,2026-09-25 07:08:16.089495+00:00,BLIND FLANGE 2.0 (50 MM) STAINLESS STEEL 316 300# RING TYPE JOINT ASTM A182,EACH,FLANGE,FLANGE,SS316,50.0,,,RTJ,ASTMA182,STAINLESS STEEL 316 FLANGE DN50 RTJ,VLV-BALLVALVE-SS316-DN15-CL150-00001-6,STAINLESS STEEL 316 BALL VALVE DN15 CL150 RF,IOCL|IO-00058,MAT0066
IOCL,IO-00059,"Blind Flange 3.1"" (80MM) SS316 150# RTJ ASTM A182",PC,ASTM A182,2026-09-25 07:08:16.089495+00:00,BLIND FLANGE 3.1 (80 MM) STAINLESS STEEL 316 150# RING TYPE JOINT ASTM A182,EACH,FLANGE,FLANGE,SS316,80.0,,,RTJ,ASTMA182,STAINLESS STEEL 316 FLANGE DN80 RTJ,VLV-BALLVALVE-SS316-DN15-CL150-00001-6,STAINLESS STEEL 316 BALL VALVE DN15 CL150 RF,IOCL|IO-00059,MAT0067
IOCL,IO-00060,"Blind Flange 3.1"" (80MM) SS316 300# RTJ ASTM A182",EA,ASTM A182,2026-09-25 07:08:16.089495+00:00,BLIND FLANGE 3.1 (80 MM) STAINLESS STEEL 316 300# RING TYPE JOINT ASTM A182,EACH,FLANGE,FLANGE,SS316,80.0,,,RTJ,ASTMA182,STAINLESS STEEL 316 FLANGE DN80 RTJ,VLV-BALLVALVE-SS316-DN15-CL150-00001-6,STAINLESS STEEL 316 BALL VALVE DN15 CL150 RF,IOCL|IO-00060,MAT0068
IOCL,IO-00061,"Spiral Wound Gasket 2.0"" (50MM) SS316 150# ASME B16.20",PC,ASME B16.20,2026-09-25 07:08:16.089495+00:00,SPIRAL WOUND GASKET 2.0 (50 MM) STAINLESS STEEL 316 150# ASME B16.20,EACH,GASKET,GASKET,SS316,50.0,,,UNKNOWN,ASMEB16.20,STAINLESS STEEL 316 GASKET DN50,VLV-BALLVALVE-SS316-DN15-CL150-00001-6,STAINLESS STEEL 316 BALL VALVE DN15 CL150 RF,IOCL|IO-00061,MAT0069
IOCL,IO-00062,"Spiral Wound Gasket 3.1"" (80MM) SS316 150# ASME B16.20",EA,ASME B16.20,2026-09-25 07:08:16.089495+00:00,SPIRAL WOUND GASKET 3.1 (80 MM) STAINLESS STEEL 316 150# ASME B16.20,EACH,GASKET,GASKET,SS316,80.0,,,UNKNOWN,ASMEB16.20,STAINLESS STEEL 316 GASKET DN80,VLV-BALLVALVE-SS316-DN15-CL150-00001-6,STAINLESS STEEL 316 BALL VALVE DN15 CL150 RF,IOCL|IO-00062,MAT0070
IOCL,IO-00063,"Spiral Wound Gasket 3.9"" (100MM) SS316 150# ASME B16.20",PC,ASME B16.20,2026-09-25 07:08:16.089495+00:00,SPIRAL WOUND GASKET 3.9 (100 MM) STAINLESS STEEL 316 150# ASME B16.20,EACH,GASKET,GASKET,SS316,100.0,,,UNKNOWN,ASMEB16.20,STAINLESS STEEL 316 GASKET DN100,VLV-BALLVALVE-SS316-DN15-CL150-00001-6,STAINLESS STEEL 316 BALL VALVE DN15 CL150 RF,IOCL|IO-00063,MAT0071
IOCL,IO-00064,"Spiral Wound Gasket 5.9"" (150MM) SS316 150# ASME B16.20",NOS,ASME B16.20,2026-09-25 07:08:16.089495+00:00,SPIRAL WOUND GASKET 5.9 (150 MM) STAINLESS STEEL 316 150# ASME B16.20,EACH,GASKET,GASKET,SS316,150.0,,,UNKNOWN,ASMEB16.20,STAINLESS STEEL 316 GASKET DN150,VLV-BALLVALVE-SS316-DN15-CL150-00001-6,STAINLESS STEEL 316 BALL VALVE DN15 CL150 RF,IOCL|IO-00064,MAT0072
IOCL,IO-00065,"Spiral Wound Gasket 7.9"" (200MM) SS316 150# ASME B16.20",EA,ASME B16.20,2026-09-25 07:08:16.089495+00:00,SPIRAL WOUND GASKET 7.9 (200 MM) STAINLESS STEEL 316 150# ASME B16.20,EACH,GASKET,GASKET,SS316,200.0,,,UNKNOWN,ASMEB16.20,STAINLESS STEEL 316 GASKET DN200,VLV-BALLVALVE-SS316-DN15-CL150-00001-6,STAINLESS STEEL 316 BALL VALVE DN15 CL150 RF,IOCL|IO-00065,MAT0073
IOCL,IO-00066,"Spiral Wound Gasket 2.0"" (50MM) SS316 300# ASME B16.20",PC,ASME B16.20,2026-09-25 07:08:16.089495+00:00,SPIRAL WOUND GASKET 2.0 (50 MM) STAINLESS STEEL 316 300# ASME B16.20,EACH,GASKET,GASKET,SS316,50.0,,,UNKNOWN,ASMEB16.20,STAINLESS STEEL 316 GASKET DN50,VLV-BALLVALVE-SS316-DN15-CL150-00001-6,STAINLESS STEEL 316 BALL VALVE DN15 CL150 RF,IOCL|IO-00066,MAT0074
IOCL,IO-00067,"Spiral Wound Gasket 3.1"" (80MM) SS316 300# ASME B16.20",NOS,ASME B16.20,2026-09-25 07:08:16.089495+00:00,SPIRAL WOUND GASKET 3.1 (80 MM) STAINLESS STEEL 316 300# ASME B16.20,EACH,GASKET,GASKET,SS316,80.0,,,UNKNOWN,ASMEB16.20,STAINLESS STEEL 316 GASKET DN80,VLV-BALLVALVE-SS316-DN15-CL150-00001-6,STAINLESS STEEL 316 BALL VALVE DN15 CL150 RF,IOCL|IO-00067,MAT0075
IOCL,IO-00068,"Spiral Wound Gasket 5.9"" (150MM) SS316 300# ASME B16.20",PC,ASME B16.20,2026-09-25 07:08:16.089495+00:00,SPIRAL WOUND GASKET 5.9 (150 MM) STAINLESS STEEL 316 300# ASME B16.20,EACH,GASKET,GASKET,SS316,150.0,,,UNKNOWN,ASMEB16.20,STAINLESS STEEL 316 GASKET DN150,VLV-BALLVALVE-SS316-DN15-CL150-00001-6,STAINLESS STEEL 316 BALL VALVE DN15 CL150 RF,IOCL|IO-00068,MAT0077
IOCL,IO-00069,"Ring Joint Gasket 1.0"" (25MM) SS316 150# ASME B16.20",PC,ASME B16.20,2026-09-25 07:08:16.089495+00:00,RING JOINT GASKET 1.0 (25 MM) STAINLESS STEEL 316 150# ASME B16.20,EACH,GASKET,GASKET,SS316,25.0,,,UNKNOWN,ASMEB16.20,STAINLESS STEEL 316 GASKET DN25,VLV-BALLVALVE-SS316-DN15-CL150-00001-6,STAINLESS STEEL 316 BALL VALVE DN15 CL150 RF,IOCL|IO-00069,MAT0078
IOCL,IO-00070,"Ring Joint Gasket 2.0"" (50MM) SS316 150# ASME B16.20",EA,ASME B16.20,2026-09-25 07:08:16.089495+00:00,RING JOINT GASKET 2.0 (50 MM) STAINLESS STEEL 316 150# ASME B16.20,EACH,GASKET,GASKET,SS316,50.0,,,UNKNOWN,ASMEB16.20,STAINLESS STEEL 316 GASKET DN50,VLV-BALLVALVE-SS316-DN15-CL150-00001-6,STAINLESS STEEL 316 BALL VALVE DN15 CL150 RF,IOCL|IO-00070,MAT0079
IOCL,IO-00071,"Ring Joint Gasket 3.1"" (80MM) SS316 150# ASME B16.20",EA,ASME B16.20,2026-09-25 07:08:16.089495+00:00,RING JOINT GASKET 3.1 (80 MM) STAINLESS STEEL 316 150# ASME B16.20,EACH,GASKET,GASKET,SS316,80.0,,,UNKNOWN,ASMEB16.20,STAINLESS STEEL 316 GASKET DN80,VLV-BALLVALVE-SS316-DN15-CL150-00001-6,STAINLESS STEEL 316 BALL VALVE DN15 CL150 RF,IOCL|IO-00071,MAT0080
IOCL,IO-00072,"  Ring Joint Gasket 3.9"" (100MM) SS316 150# ASME B16.20",NOS,ASME B16.20,2026-09-25 07:08:16.089495+00:00,RING JOINT GASKET 3.9 (100 MM) STAINLESS STEEL 316 150# ASME B16.20,EACH,GASKET,GASKET,SS316,100.0,,,UNKNOWN,ASMEB16.20,STAINLESS STEEL 316 GASKET DN100,VLV-BALLVALVE-SS316-DN15-CL150-00001-6,STAINLESS STEEL 316 BALL VALVE DN15 CL150 RF,IOCL|IO-00072,MAT0081
IOCL,IO-00073,"  Elbow 90 Deg 2.0"" (50MM) CS BW Sch 40 ASTM A234 WPB",EA,ASTM A234 WPB,2026-09-25 07:08:16.089495+00:00,ELBOW 90 DEG 2.0 (50 MM) CARBON STEEL BUTT WELD SCH 40 ASTM A234 WPB,EACH,FITTING,ELBOW,CS,50.0,,40,BW,ASTMA234,CARBON STEEL ELBOW DN50 SCH40 BW,VLV-BALLVALVE-SS316-DN15-CL150-00001-6,STAINLESS STEEL 316 BALL VALVE DN15 CL150 RF,IOCL|IO-00073,MAT0082
IOCL,IO-00074,"Elbow 90 Deg 3.1"" (80MM) CS BW Sch 40 ASTM A234 WPB",NOS,ASTM A234 WPB,2026-09-25 07:08:16.089495+00:00,ELBOW 90 DEG 3.1 (80 MM) CARBON STEEL BUTT WELD SCH 40 ASTM A234 WPB,EACH,FITTING,ELBOW,CS,80.0,,40,BW,ASTMA234,CARBON STEEL ELBOW DN80 SCH40 BW,VLV-BALLVALVE-SS316-DN15-CL150-00001-6,STAINLESS STEEL 316 BALL VALVE DN15 CL150 RF,IOCL|IO-00074,MAT0083
IOCL,IO-00075,"Elbow 90 Deg 3.9"" (100MM) CS BW Sch 40 ASTM A234 WPB",EA,ASTM A234 WPB,2026-09-25 07:08:16.089495+00:00,ELBOW 90 DEG 3.9 (100 MM) CARBON STEEL BUTT WELD SCH 40 ASTM A234 WPB,EACH,FITTING,ELBOW,CS,100.0,,40,BW,ASTMA234,CARBON STEEL ELBOW DN100 SCH40 BW,VLV-BALLVALVE-SS316-DN15-CL150-00001-6,STAINLESS STEEL 316 BALL VALVE DN15 CL150 RF,IOCL|IO-00075,MAT0084
IOCL,IO-00076,"Elbow 90 Deg 5.9"" (150MM) CS BW Sch 40 ASTM A234 WPB",NOS,ASTM A234 WPB,2026-09-25 07:08:16.089495+00:00,ELBOW 90 DEG 5.9 (150 MM) CARBON STEEL BUTT WELD SCH 40 ASTM A234 WPB,EACH,FITTING,ELBOW,CS,150.0,,40,BW,ASTMA234,CARBON STEEL ELBOW DN150 SCH40 BW,VLV-BALLVALVE-SS316-DN15-CL150-00001-6,STAINLESS STEEL 316 BALL VALVE DN15 CL150 RF,IOCL|IO-00076,MAT0085
IOCL,IO-00077,Elbow 45 Deg 2.0? [50MM] CS BW Sch 40 ASTM A234 WPB,,ASTM A234 WPB,2026-09-25 07:08:16.089495+00:00,ELBOW 45 DEG 2.0 50 MM CARBON STEEL BUTT WELD SCH 40 ASTM A234 WPB,EACH,FITTING,ELBOW,CS,50.0,,40,BW,ASTMA234,CARBON STEEL ELBOW DN50 SCH40 BW,VLV-BALLVALVE-SS316-DN15-CL150-00001-6,STAINLESS STEEL 316 BALL VALVE DN15 CL150 RF,IOCL|IO-00077,MAT0086
IOCL,IO-00078,"Elbow 45 Deg 3.1"" (80MM) CS BW Sch 40 ASTM A234 WPB",NOS,ASTM A234 WPB,2026-09-25 07:08:16.089495+00:00,ELBOW 45 DEG 3.1 (80 MM) CARBON STEEL BUTT WELD SCH 40 ASTM A234 WPB,EACH,FITTING,ELBOW,CS,80.0,,40,BW,ASTMA234,CARBON STEEL ELBOW DN80 SCH40 BW,VLV-BALLVALVE-SS316-DN15-CL150-00001-6,STAINLESS STEEL 316 BALL VALVE DN15 CL150 RF,IOCL|IO-00078,MAT0087
IOCL,IO-00079,"Equal Tee 3.1"" (80MM) SS316 BW Sch 80 ASTM A403 WP316",NOS,ASTM A403 WP316,2026-09-25 07:08:16.089495+00:00,EQUAL TEE 3.1 (80 MM) STAINLESS STEEL 316 BUTT WELD SCH 80 ASTM A403 WP316,EACH,FITTING,TEE,SS316,80.0,,80,BW,ASTMA403,STAINLESS STEEL 316 TEE DN80 SCH80 BW,VLV-BALLVALVE-SS316-DN15-CL150-00001-6,STAINLESS STEEL 316 BALL VALVE DN15 CL150 RF,IOCL|IO-00079,MAT0088
IOCL,IO-00080,Equal Tee 3.9? [100MM] SS316 BW Sch 80 ASTM A403 WP316,PC,ASTM A403 WP316,2026-09-25 07:08:16.089495+00:00,EQUAL TEE 3.9 100 MM STAINLESS STEEL 316 BUTT WELD SCH 80 ASTM A403 WP316,EACH,FITTING,TEE,SS316,100.0,,80,BW,ASTMA403,STAINLESS STEEL 316 TEE DN100 SCH80 BW,VLV-BALLVALVE-SS316-DN15-CL150-00001-6,STAINLESS STEEL 316 BALL VALVE DN15 CL150 RF,IOCL|IO-00080,MAT0089
IOCL,IO-00081,"Equal Tee 5.9"" (150MM) SS316 BW Sch 80 ASTM A403 WP316",NOS,ASTM A403 WP316,2026-09-25 07:08:16.089495+00:00,EQUAL TEE 5.9 (150 MM) STAINLESS STEEL 316 BUTT WELD SCH 80 ASTM A403 WP316,EACH,FITTING,TEE,SS316,150.0,,80,BW,ASTMA403,STAINLESS STEEL 316 TEE DN150 SCH80 BW,VLV-BALLVALVE-SS316-DN15-CL150-00001-6,STAINLESS STEEL 316 BALL VALVE DN15 CL150 RF,IOCL|IO-00081,MAT0090
IOCL,IO-00082,"Conc Reducer 3.9"" (100MM) CS BW Sch 40 ASTM A234 WPB",NOS,ASTM A234 WPB,2026-09-25 07:08:16.089495+00:00,CONC REDUCER 3.9 (100 MM) CARBON STEEL BUTT WELD SCH 40 ASTM A234 WPB,EACH,FITTING,TEE,CS,100.0,,40,BW,ASTMA234,CARBON STEEL TEE DN100 SCH40 BW,VLV-BALLVALVE-SS316-DN15-CL150-00001-6,STAINLESS STEEL 316 BALL VALVE DN15 CL150 RF,IOCL|IO-00082,MAT0091
IOCL,IO-00083,"Conc Reducer 5.9"" (150MM) CS BW Sch 40 ASTM A234 WPB",0,ASTM A234 WPB,2026-09-25 07:08:16.089495+00:00,CONC REDUCER 5.9 (150 MM) CARBON STEEL BUTT WELD SCH 40 ASTM A234 WPB,EACH,FITTING,TEE,CS,150.0,,40,BW,ASTMA234,CARBON STEEL TEE DN150 SCH40 BW,VLV-BALLVALVE-SS316-DN15-CL150-00001-6,STAINLESS STEEL 316 BALL VALVE DN15 CL150 RF,IOCL|IO-00083,MAT0092
IOCL,IO-00084,Stud Bolt CS ASTM A193 B7 M16,EA,ASTM A193 B7,2026-09-25 07:08:16.089495+00:00,STUD BOLT CARBON STEEL ASTM A193 B7 M16,EACH,FITTING,TEE,CS,,,,UNKNOWN,ASTMA193,CARBON STEEL TEE,VLV-BALLVALVE-SS316-DN15-CL150-00001-6,STAINLESS STEEL 316 BALL VALVE DN15 CL150 RF,IOCL|IO-00084,MAT0093
IOCL,IO-00085,Stud Bolt CS ASTM A193 B7 M20,EA,ASTM A193 B7,2026-09-25 07:08:16.089495+00:00,STUD BOLT CARBON STEEL ASTM A193 B7 M20,EACH,FITTING,TEE,CS,,,,UNKNOWN,ASTMA193,CARBON STEEL TEE,VLV-BALLVALVE-SS316-DN15-CL150-00001-6,STAINLESS STEEL 316 BALL VALVE DN15 CL150 RF,IOCL|IO-00085,MAT0094
IOCL,IO-00086,Stud Bolt CS ASTM A193 B7 M24,PC,ASTM A193 B7,2026-09-25 07:08:16.089495+00:00,STUD BOLT CARBON STEEL ASTM A193 B7 M24,EACH,FITTING,TEE,CS,,,,UNKNOWN,ASTMA193,CARBON STEEL TEE,VLV-BALLVALVE-SS316-DN15-CL150-00001-6,STAINLESS STEEL 316 BALL VALVE DN15 CL150 RF,IOCL|IO-00086,MAT0095
IOCL,IO-00087,Ball Bearing STEEL ISO 6205 2RS,PC,ISO,2026-09-25 07:08:16.089495+00:00,BALL BEARING STEEL ISO 6205 2RS,EACH,FITTING,TEE,UNKNOWN,,,,UNKNOWN,ISO,TEE,VLV-BALLVALVE-SS316-DN15-CL150-00001-6,STAINLESS STEEL 316 BALL VALVE DN15 CL150 RF,IOCL|IO-00087,MAT0096
IOCL,IO-00088,Ball Bearing STEEL ISO 6206 2RS,NOS,ISO,2026-09-25 07:08:16.089495+00:00,BALL BEARING STEEL ISO 6206 2RS,EACH,FITTING,TEE,UNKNOWN,,,,UNKNOWN,ISO,TEE,VLV-BALLVALVE-SS316-DN15-CL150-00001-6,STAINLESS STEEL 316 BALL VALVE DN15 CL150 RF,IOCL|IO-00088,MAT0097
IOCL,IO-00089,Ball Bearing STEEL ISO 6208 2RS,PC,ISO,2026-09-25 07:08:16.089495+00:00,BALL BEARING STEEL ISO 6208 2RS,EACH,FITTING,TEE,UNKNOWN,,,,UNKNOWN,ISO,TEE,VLV-BALLVALVE-SS316-DN15-CL150-00001-6,STAINLESS STEEL 316 BALL VALVE DN15 CL150 RF,IOCL|IO-00089,MAT0098
IOCL,IO-00090,Ball Bearing STEEL ISO NU205,NOS,ISO,2026-09-25 07:08:16.089495+00:00,BALL BEARING STEEL ISO NU205,EACH,FITTING,TEE,UNKNOWN,,,,UNKNOWN,ISO,TEE,VLV-BALLVALVE-SS316-DN15-CL150-00001-6,STAINLESS STEEL 316 BALL VALVE DN15 CL150 RF,IOCL|IO-00090,MAT0099
IOCL,IO-00091,"Centrifugal Pump CS 50 M3/HR, 30M HEAD",NOS,,2026-09-25 07:08:16.089495+00:00,CENTRIFUGAL PUMP CARBON STEEL 50 M3/HR 30M HEAD,EACH,FITTING,TEE,CS,,,,UNKNOWN,,CARBON STEEL TEE,VLV-BALLVALVE-SS316-DN15-CL150-00001-6,STAINLESS STEEL 316 BALL VALVE DN15 CL150 RF,IOCL|IO-00091,MAT0101
IOCL,IO-00092,"Centrifugal Pump SS316 50 M3/HR, 30M HEAD",NOS,,2026-09-25 07:08:16.089495+00:00,CENTRIFUGAL PUMP STAINLESS STEEL 316 50 M3/HR 30M HEAD,EACH,FITTING,TEE,SS316,,,,UNKNOWN,,STAINLESS STEEL 316 TEE,VLV-BALLVALVE-SS316-DN15-CL150-00001-6,STAINLESS STEEL 316 BALL VALVE DN15 CL150 RF,IOCL|IO-00092,MAT0102
IOCL,IO-00093,"Induction Motor STEEL 3PH, 11KW, 415V, 1500 RPM, IE3",PC,,2026-09-25 07:08:16.089495+00:00,INDUCTION MOTOR STEEL 3PH 11KW 415V 1500 RPM IE3,EACH,FITTING,TEE,UNKNOWN,,,,UNKNOWN,,TEE,VLV-BALLVALVE-SS316-DN15-CL150-00001-6,STAINLESS STEEL 316 BALL VALVE DN15 CL150 RF,IOCL|IO-00093,MAT0103
IOCL,IO-00094,"Induction Motor STEEL 3PH, 15KW, 415V, 1500 RPM, IE3",PC,,2026-09-25 07:08:16.089495+00:00,INDUCTION MOTOR STEEL 3PH 15KW 415V 1500 RPM IE3,EACH,FITTING,TEE,UNKNOWN,,,,UNKNOWN,,TEE,VLV-BALLVALVE-SS316-DN15-CL150-00001-6,STAINLESS STEEL 316 BALL VALVE DN15 CL150 RF,IOCL|IO-00094,MAT0104
IOCL,IO-00095,"Pressure Transmitter SS316 0-100 BAR, 4-20mA, HART",EA,,2026-09-25 07:08:16.089495+00:00,PRESSURE TRANSMITTER STAINLESS STEEL 316 0-100 BAR 4-20MA HART,EACH,FITTING,TEE,SS316,,,,UNKNOWN,,STAINLESS STEEL 316 TEE,VLV-BALLVALVE-SS316-DN15-CL150-00001-6,STAINLESS STEEL 316 BALL VALVE DN15 CL150 RF,IOCL|IO-00095,MAT0105
IOCL,IO-00096,"Temperature Transmitter SS316 PT100, 4-20mA",NOS,,2026-09-25 07:08:16.089495+00:00,TEMPERATURE TRANSMITTER STAINLESS STEEL 316 PT100 4-20MA,EACH,FITTING,TEE,SS316,,,,UNKNOWN,,STAINLESS STEEL 316 TEE,VLV-BALLVALVE-SS316-DN15-CL150-00001-6,STAINLESS STEEL 316 BALL VALVE DN15 CL150 RF,IOCL|IO-00096,MAT0106
IOCL,IO-00097,"Pressure Transmitter SS316 0-10 BAR, 4-20mA, HART",PC,,2026-09-25 07:08:16.089495+00:00,PRESSURE TRANSMITTER STAINLESS STEEL 316 0-10 BAR 4-20MA HART,EACH,FITTING,TEE,SS316,,,,UNKNOWN,,STAINLESS STEEL 316 TEE,VLV-BALLVALVE-SS316-DN15-CL150-00001-6,STAINLESS STEEL 316 BALL VALVE DN15 CL150 RF,IOCL|IO-00097,MAT0107
IOCL,IO-00098,O-Ring 2.0? [50MM] FKM 3MM CS,NOS,,2026-09-25 07:08:16.089495+00:00,O-RING 2.0 50 MM FKM 3 MM CARBON STEEL,EACH,FITTING,TEE,CS,50.0,,,UNKNOWN,,CARBON STEEL TEE DN50,VLV-BALLVALVE-SS316-DN15-CL150-00001-6,STAINLESS STEEL 316 BALL VALVE DN15 CL150 RF,IOCL|IO-00098,MAT0108
IOCL,IO-00099,V-Belt SPB 2550,EA,,2026-09-25 07:08:16.089495+00:00,V-BELT SPB 2550,EACH,DRIVE,V-BELT,UNKNOWN,,,,UNKNOWN,,V-BELT,DRV-V-BELT-NA-NA-NA-00004-9,V-BELT,IOCL|IO-00099,MAT0111
IOCL,IO-00100,"Y-Strainer 2.0"" (50MM) SS316 150# RF 40 MESH",EA,,2026-09-25 07:08:16.089495+00:00,Y-STRAINER 2.0 (50 MM) STAINLESS STEEL 316 150# RAISED FACE 40 MESH,EACH,FITTING,TEE,SS316,50.0,,,RF,,STAINLESS STEEL 316 TEE DN50 RF,VLV-BALLVALVE-SS316-DN15-CL150-00001-6,STAINLESS STEEL 316 BALL VALVE DN15 CL150 RF,IOCL|IO-00100,MAT0112
IOCL,IO-00101,"Y-Strainer 2.0"" (50MM) SS316 150# RF 80 MESH",EA,,2026-09-25 07:08:16.089495+00:00,Y-STRAINER 2.0 (50 MM) STAINLESS STEEL 316 150# RAISED FACE 80 MESH,EACH,FITTING,TEE,SS316,50.0,,,RF,,STAINLESS STEEL 316 TEE DN50 RF,VLV-BALLVALVE-SS316-DN15-CL150-00001-6,STAINLESS STEEL 316 BALL VALVE DN15 CL150 RF,IOCL|IO-00101,MAT0113
IOCL,IO-00102,"Safety Relief Valve CS 2X3 IN, SET 10 BAR",EA,,2026-09-25 07:08:16.089495+00:00,SAFETY RELIEF VALVE CARBON STEEL 2X3 IN SET 10 BAR,EACH,VALVE,SAFETY RELIEF,CS,76.2,,,UNKNOWN,,CARBON STEEL SAFETY RELIEF DN76,VLV-BALLVALVE-SS316-DN15-CL150-00001-6,STAINLESS STEEL 316 BALL VALVE DN15 CL150 RF,IOCL|IO-00102,MAT0114
IOCL,IO-00103,"Safety Relief Valve CS 2X3 IN, SET 15 BAR",NOS,,2026-09-25 07:08:16.089495+00:00,SAFETY RELIEF VALVE CARBON STEEL 2X3 IN SET 15 BAR,EACH,VALVE,SAFETY RELIEF,CS,76.2,,,UNKNOWN,,CARBON STEEL SAFETY RELIEF DN76,VLV-BALLVALVE-SS316-DN15-CL150-00001-6,STAINLESS STEEL 316 BALL VALVE DN15 CL150 RF,IOCL|IO-00103,MAT0115
ONGC,ON-00001,"BALLVALVE,15MM,CS,150#,RF,SS316",EA,API 6D,2026-09-25 07:08:16.092098+00:00,BALLVALVE 15 MM CARBON STEEL 150# RAISED FACE STAINLESS STEEL 316,EACH,FITTING,TEE,SS316,15.0,,,RF,,STAINLESS STEEL 316 TEE DN15 RF,VLV-BALLVALVE-SS316-DN15-CL150-00001-6,STAINLESS STEEL 316 BALL VALVE DN15 CL150 RF,ONGC|ON-00001,MAT0001
ONGC,ON-00002,"BALLVALVE,25MM,CS,150#,RF,SS316",NOS,API 6D,2026-09-25 07:08:16.092098+00:00,BALLVALVE 25 MM CARBON STEEL 150# RAISED FACE STAINLESS STEEL 316,EACH,FITTING,TEE,SS316,25.0,,,RF,,STAINLESS STEEL 316 TEE DN25 RF,VLV-BALLVALVE-SS316-DN15-CL150-00001-6,STAINLESS STEEL 316 BALL VALVE DN15 CL150 RF,ONGC|ON-00002,MAT0002
ONGC,ON-00003,"BALLVALVE,50MM,CS,150#,RF,SS316",NOS,API 6D,2026-09-25 07:08:16.092098+00:00,BALLVALVE 50 MM CARBON STEEL 150# RAISED FACE STAINLESS STEEL 316,EACH,FITTING,TEE,SS316,50.0,,,RF,,STAINLESS STEEL 316 TEE DN50 RF,VLV-BALLVALVE-SS316-DN15-CL150-00001-6,STAINLESS STEEL 316 BALL VALVE DN15 CL150 RF,ONGC|ON-00003,MAT0003
ONGC,ON-00004,"BALLVALVE,50MM,CS,300#,RF,SS316",EA,API 6D,2026-09-25 07:08:16.092098+00:00,BALLVALVE 50 MM CARBON STEEL 300# RAISED FACE STAINLESS STEEL 316,EACH,FITTING,TEE,SS316,50.0,,,RF,,STAINLESS STEEL 316 TEE DN50 RF,VLV-BALLVALVE-SS316-DN15-CL150-00001-6,STAINLESS STEEL 316 BALL VALVE DN15 CL150 RF,ONGC|ON-00004,MAT0004
ONGC,ON-00005,"BALLVALVE,80MM,CS,150#,RF,SS316",EA,API 6D,2026-09-25 07:08:16.092098+00:00,BALLVALVE 80 MM CARBON STEEL 150# RAISED FACE STAINLESS STEEL 316,EACH,FITTING,TEE,SS316,80.0,,,RF,,STAINLESS STEEL 316 TEE DN80 RF,VLV-BALLVALVE-SS316-DN15-CL150-00001-6,STAINLESS STEEL 316 BALL VALVE DN15 CL150 RF,ONGC|ON-00005,MAT0005
ONGC,ON-00006,"BALLVALVE,80MM,CS,300#,RF,SS316",NOS,API 6D,2026-09-25 07:08:16.092098+00:00,BALLVALVE 80 MM CARBON STEEL 300# RAISED FACE STAINLESS STEEL 316,EACH,FITTING,TEE,SS316,80.0,,,RF,,STAINLESS STEEL 316 TEE DN80 RF,VLV-BALLVALVE-SS316-DN15-CL150-00001-6,STAINLESS STEEL 316 BALL VALVE DN15 CL150 RF,ONGC|ON-00006,MAT0006
ONGC,ON-00007,"BALLVALVE,100MM,CS,150#,RF,SS316",,API 6D,2026-09-25 07:08:16.092098+00:00,BALLVALVE 100 MM CARBON STEEL 150# RAISED FACE STAINLESS STEEL 316,EACH,FITTING,TEE,SS316,100.0,,,RF,,STAINLESS STEEL 316 TEE DN100 RF,VLV-BALLVALVE-SS316-DN15-CL150-00001-6,STAINLESS STEEL 316 BALL VALVE DN15 CL150 RF,ONGC|ON-00007,MAT0007
ONGC,ON-00008,"BALLVALVE,100MM,CS,300#,RF,SS316",NOS,API 6D,2026-09-25 07:08:16.092098+00:00,BALLVALVE 100 MM CARBON STEEL 300# RAISED FACE STAINLESS STEEL 316,EACH,FITTING,TEE,SS316,100.0,,,RF,,STAINLESS STEEL 316 TEE DN100 RF,VLV-BALLVALVE-SS316-DN15-CL150-00001-6,STAINLESS STEEL 316 BALL VALVE DN15 CL150 RF,ONGC|ON-00008,MAT0008
ONGC,ON-00009,"BALLVALVE,150MM,CS,150#,RF,SS316",EA,API 6D,2026-09-25 07:08:16.092098+00:00,BALLVALVE 150 MM CARBON STEEL 150# RAISED FACE STAINLESS STEEL 316,EACH,FITTING,TEE,SS316,150.0,,,RF,,STAINLESS STEEL 316 TEE DN150 RF,VLV-BALLVALVE-SS316-DN15-CL150-00001-6,STAINLESS STEEL 316 BALL VALVE DN15 CL150 RF,ONGC|ON-00009,MAT0009
ONGC,ON-00010,"BALLVALVE,200MM,CS,300#,RF,SS316",ea,API 6D,2026-09-25 07:08:16.092098+00:00,BALLVALVE 200 MM CARBON STEEL 300# RAISED FACE STAINLESS STEEL 316,EACH,FITTING,TEE,SS316,200.0,,,RF,,STAINLESS STEEL 316 TEE DN200 RF,VLV-BALLVALVE-SS316-DN15-CL150-00001-6,STAINLESS STEEL 316 BALL VALVE DN15 CL150 RF,ONGC|ON-00010,MAT0010
ONGC,ON-00011,"BALLVALVE,50MM,SS316,300#,RTJ,SS316",NOS,API 6D,2026-09-25 07:08:16.092098+00:00,BALLVALVE 50 MM STAINLESS STEEL 316 300# RING TYPE JOINT STAINLESS STEEL 316,EACH,FITTING,TEE,SS316,50.0,,,RTJ,,STAINLESS STEEL 316 TEE DN50 RTJ,VLV-BALLVALVE-SS316-DN15-CL150-00001-6,STAINLESS STEEL 316 BALL VALVE DN15 CL150 RF,ONGC|ON-00011,MAT0011
ONGC,ON-00012,"BALLVALVE,80MM,SS316,300#,RTJ,SS316",NOS,API 6D,2026-09-25 07:08:16.092098+00:00,BALLVALVE 80 MM STAINLESS STEEL 316 300# RING TYPE JOINT STAINLESS STEEL 316,EACH,FITTING,TEE,SS316,80.0,,,RTJ,,STAINLESS STEEL 316 TEE DN80 RTJ,VLV-BALLVALVE-SS316-DN15-CL150-00001-6,STAINLESS STEEL 316 BALL VALVE DN15 CL150 RF,ONGC|ON-00012,MAT0012
ONGC,ON-00013,"BALLVALVE,100MM,SS316,300#,RTJ,SS316",NOS,API 6D,2026-09-25 07:08:16.092098+00:00,BALLVALVE 100 MM STAINLESS STEEL 316 300# RING TYPE JOINT STAINLESS STEEL 316,EACH,FITTING,TEE,SS316,100.0,,,RTJ,,STAINLESS STEEL 316 TEE DN100 RTJ,VLV-BALLVALVE-SS316-DN15-CL150-00001-6,STAINLESS STEEL 316 BALL VALVE DN15 CL150 RF,ONGC|ON-00013,MAT0013
ONGC,ON-00014,"BALLVALVE,150MM,SS316,300#,RTJ,SS316  ",EA,API 6D,2026-09-25 07:08:16.092098+00:00,BALLVALVE 150 MM STAINLESS STEEL 316 300# RING TYPE JOINT STAINLESS STEEL 316,EACH,FITTING,TEE,SS316,150.0,,,RTJ,,STAINLESS STEEL 316 TEE DN150 RTJ,VLV-BALLVALVE-SS316-DN15-CL150-00001-6,STAINLESS STEEL 316 BALL VALVE DN15 CL150 RF,ONGC|ON-00014,MAT0014
ONGC,ON-00015,"BALLVALVE,200MM,SS316,300#,RTJ,SS316",EA,API 6D,2026-09-25 07:08:16.092098+00:00,BALLVALVE 200 MM STAINLESS STEEL 316 300# RING TYPE JOINT STAINLESS STEEL 316,EACH,FITTING,TEE,SS316,200.0,,,RTJ,,STAINLESS STEEL 316 TEE DN200 RTJ,VLV-BALLVALVE-SS316-DN15-CL150-00001-6,STAINLESS STEEL 316 BALL VALVE DN15 CL150 RF,ONGC|ON-00015,MAT0015
ONGC,ON-00016,"GATEVALVE,50MM,CS,150#,RF",EA,API 600,2026-09-25 07:08:16.092098+00:00,GATEVALVE 50 MM CARBON STEEL 150# RAISED FACE,EACH,FITTING,TEE,CS,50.0,,,RF,,CARBON STEEL TEE DN50 RF,VLV-BALLVALVE-SS316-DN15-CL150-00001-6,STAINLESS STEEL 316 BALL VALVE DN15 CL150 RF,ONGC|ON-00016,MAT0016
ONGC,ON-00017,"  GATEVALVE,80MM,CS,150#,RF",NOS,API 600,2026-09-25 07:08:16.092098+00:00,GATEVALVE 80 MM CARBON STEEL 150# RAISED FACE,EACH,FITTING,TEE,CS,80.0,,,RF,,CARBON STEEL TEE DN80 RF,VLV-BALLVALVE-SS316-DN15-CL150-00001-6,STAINLESS STEEL 316 BALL VALVE DN15 CL150 RF,ONGC|ON-00017,MAT0017
ONGC,ON-00018,"  GATEVALVE,100MM,CS,150#,RF",EA,API 600,2026-09-25 07:08:16.092098+00:00,GATEVALVE 100 MM CARBON STEEL 150# RAISED FACE,EACH,FITTING,TEE,CS,100.0,,,RF,,CARBON STEEL TEE DN100 RF,VLV-BALLVALVE-SS316-DN15-CL150-00001-6,STAINLESS STEEL 316 BALL VALVE DN15 CL150 RF,ONGC|ON-00018,MAT0018
ONGC,ON-00019,"GATEVALVE,150MM,CS,150#,RF",NOS,API 600,2026-09-25 07:08:16.092098+00:00,GATEVALVE 150 MM CARBON STEEL 150# RAISED FACE,EACH,FITTING,TEE,CS,150.0,,,RF,,CARBON STEEL TEE DN150 RF,VLV-BALLVALVE-SS316-DN15-CL150-00001-6,STAINLESS STEEL 316 BALL VALVE DN15 CL150 RF,ONGC|ON-00019,MAT0019
ONGC,ON-00020,"GATEVALVE,200MM,CS,150#,RF",EA,API 600,2026-09-25 07:08:16.092098+00:00,GATEVALVE 200 MM CARBON STEEL 150# RAISED FACE,EACH,FITTING,TEE,CS,200.0,,,RF,,CARBON STEEL TEE DN200 RF,VLV-BALLVALVE-SS316-DN15-CL150-00001-6,STAINLESS STEEL 316 BALL VALVE DN15 CL150 RF,ONGC|ON-00020,MAT0020
ONGC,ON-00021,"GATEVALVE,50MM,SS316,300#,RTJ",EA,API 600,2026-09-25 07:08:16.092098+00:00,GATEVALVE 50 MM STAINLESS STEEL 316 300# RING TYPE JOINT,EACH,FITTING,TEE,SS316,50.0,,,RTJ,,STAINLESS STEEL 316 TEE DN50 RTJ,VLV-BALLVALVE-SS316-DN15-CL150-00001-6,STAINLESS STEEL 316 BALL VALVE DN15 CL150 RF,ONGC|ON-00021,MAT0021
ONGC,ON-00022,"GATEVALVE,80MM,SS316,300#,RTJ",EA,API 600,2026-09-25 07:08:16.092098+00:00,GATEVALVE 80 MM STAINLESS STEEL 316 300# RING TYPE JOINT,EACH,FITTING,TEE,SS316,80.0,,,RTJ,,STAINLESS STEEL 316 TEE DN80 RTJ,VLV-BALLVALVE-SS316-DN15-CL150-00001-6,STAINLESS STEEL 316 BALL VALVE DN15 CL150 RF,ONGC|ON-00022,MAT0022
ONGC,ON-00023,"GATEVALVE,100MM,SS316,300#,RTJ",NOS,API 600,2026-09-25 07:08:16.092098+00:00,GATEVALVE 100 MM STAINLESS STEEL 316 300# RING TYPE JOINT,EACH,FITTING,TEE,SS316,100.0,,,RTJ,,STAINLESS STEEL 316 TEE DN100 RTJ,VLV-BALLVALVE-SS316-DN15-CL150-00001-6,STAINLESS STEEL 316 BALL VALVE DN15 CL150 RF,ONGC|ON-00023,MAT0023
ONGC,ON-00024,"GATEVALVE,150MM,SS316,300#,RTJ",EA,API 600,2026-09-25 07:08:16.092098+00:00,GATEVALVE 150 MM STAINLESS STEEL 316 300# RING TYPE JOINT,EACH,FITTING,TEE,SS316,150.0,,,RTJ,,STAINLESS STEEL 316 TEE DN150 RTJ,VLV-BALLVALVE-SS316-DN15-CL150-00001-6,STAINLESS STEEL 316 BALL VALVE DN15 CL150 RF,ONGC|ON-00024,MAT0024
ONGC,ON-00025,"GLOBEVALVE,50MM,CS,150#,RF",EA,API 623,2026-09-25 07:08:16.092098+00:00,GLOBEVALVE 50 MM CARBON STEEL 150# RAISED FACE,EACH,FITTING,TEE,CS,50.0,,,RF,,CARBON STEEL TEE DN50 RF,VLV-BALLVALVE-SS316-DN15-CL150-00001-6,STAINLESS STEEL 316 BALL VALVE DN15 CL150 RF,ONGC|ON-00025,MAT0025
ONGC,ON-00026,"GLOBEVALVE,80MM,CS,150#,RF",NOS,API 623,2026-09-25 07:08:16.092098+00:00,GLOBEVALVE 80 MM CARBON STEEL 150# RAISED FACE,EACH,FITTING,TEE,CS,80.0,,,RF,,CARBON STEEL TEE DN80 RF,VLV-BALLVALVE-SS316-DN15-CL150-00001-6,STAINLESS STEEL 316 BALL VALVE DN15 CL150 RF,ONGC|ON-00026,MAT0026
ONGC,ON-00027,"GLOBEVALVE,100MM,CS,150#,RF",0,API 623,2026-09-25 07:08:16.092098+00:00,GLOBEVALVE 100 MM CARBON STEEL 150# RAISED FACE,EACH,FITTING,TEE,CS,100.0,,,RF,,CARBON STEEL TEE DN100 RF,VLV-BALLVALVE-SS316-DN15-CL150-00001-6,STAINLESS STEEL 316 BALL VALVE DN15 CL150 RF,ONGC|ON-00027,MAT0027
ONGC,ON-00028,"GLOBEVALVE,50MM,SS316,300#,RTJ",NOS,API 623,2026-09-25 07:08:16.092098+00:00,GLOBEVALVE 50 MM STAINLESS STEEL 316 300# RING TYPE JOINT,EACH,FITTING,TEE,SS316,50.0,,,RTJ,,STAINLESS STEEL 316 TEE DN50 RTJ,VLV-BALLVALVE-SS316-DN15-CL150-00001-6,STAINLESS STEEL 316 BALL VALVE DN15 CL150 RF,ONGC|ON-00028,MAT0028
ONGC,ON-00029,"GLOBEVALVE,80MM,SS316,300#,RTJ",NOS,API 623,2026-09-25 07:08:16.092098+00:00,GLOBEVALVE 80 MM STAINLESS STEEL 316 300# RING TYPE JOINT,EACH,FITTING,TEE,SS316,80.0,,,RTJ,,STAINLESS STEEL 316 TEE DN80 RTJ,VLV-BALLVALVE-SS316-DN15-CL150-00001-6,STAINLESS STEEL 316 BALL VALVE DN15 CL150 RF,ONGC|ON-00029,MAT0029
ONGC,ON-00030,"CHECKVALVE,80MM,ALLOY20,600#,BW",0,API 594,2026-09-25 07:08:16.092098+00:00,CHECKVALVE 80 MM ALLOY20 600# BUTT WELD,EACH,UNKNOWN,,UNKNOWN,80.0,,,BW,,DN80 BW,VLV-BALLVALVE-SS316-DN15-CL150-00001-6,STAINLESS STEEL 316 BALL VALVE DN15 CL150 RF,ONGC|ON-00030,MAT0030
ONGC,ON-00031,"CHECKVALVE,150MM,ALLOY20,600#,BW",NOS,API 594,2026-09-25 07:08:16.092098+00:00,CHECKVALVE 150 MM ALLOY20 600# BUTT WELD,EACH,UNKNOWN,,UNKNOWN,150.0,,,BW,,DN150 BW,VLV-BALLVALVE-SS316-DN15-CL150-00001-6,STAINLESS STEEL 316 BALL VALVE DN15 CL150 RF,ONGC|ON-00031,MAT0032
ONGC,ON-00032,"CHECKVALVE,200MM,ALLOY20,600#,BW",NOS,API 594,2026-09-25 07:08:16.092098+00:00,CHECKVALVE 200 MM ALLOY20 600# BUTT WELD,EACH,UNKNOWN,,UNKNOWN,200.0,,,BW,,DN200 BW,VLV-BALLVALVE-SS316-DN15-CL150-00001-6,STAINLESS STEEL 316 BALL VALVE DN15 CL150 RF,ONGC|ON-00032,MAT0033
ONGC,ON-00033,"BUTTERFLYVALVE,80MM,CI,150#,WAFER",EA,API 609,2026-09-25 07:08:16.092098+00:00,BUTTERFLYVALVE 80 MM CAST IRON 150# WAFER,EACH,VALVE,BUTTERFLY,CI,80.0,,,WAFER,,CAST IRON BUTTERFLY DN80 WAFER,VLV-BALLVALVE-SS316-DN15-CL150-00001-6,STAINLESS STEEL 316 BALL VALVE DN15 CL150 RF,ONGC|ON-00033,MAT0034
ONGC,ON-00034,"BUTTERFLYVALVE,100MM,CI,150#,WAFER",EA,API 609,2026-09-25 07:08:16.092098+00:00,BUTTERFLYVALVE 100 MM CAST IRON 150# WAFER,EACH,VALVE,BUTTERFLY,CI,100.0,,,WAFER,,CAST IRON BUTTERFLY DN100 WAFER,VLV-BALLVALVE-SS316-DN15-CL150-00001-6,STAINLESS STEEL 316 BALL VALVE DN15 CL150 RF,ONGC|ON-00034,MAT0035
ONGC,ON-00035,"BUTTERFLYVALVE,150MM,CI,150#,WAFER",EA,API 609,2026-09-25 07:08:16.092098+00:00,BUTTERFLYVALVE 150 MM CAST IRON 150# WAFER,EACH,VALVE,BUTTERFLY,CI,150.0,,,WAFER,,CAST IRON BUTTERFLY DN150 WAFER,VLV-BALLVALVE-SS316-DN15-CL150-00001-6,STAINLESS STEEL 316 BALL VALVE DN15 CL150 RF,ONGC|ON-00035,MAT0036
ONGC,ON-00036,"BUTTERFLYVALVE,200MM,CI,150#,WAFER",EA,API 609,2026-09-25 07:08:16.092098+00:00,BUTTERFLYVALVE 200 MM CAST IRON 150# WAFER,EACH,VALVE,BUTTERFLY,CI,200.0,,,WAFER,,CAST IRON BUTTERFLY DN200 WAFER,VLV-BALLVALVE-SS316-DN15-CL150-00001-6,STAINLESS STEEL 316 BALL VALVE DN15 CL150 RF,ONGC|ON-00036,MAT0037
ONGC,ON-00037,"BUTTERFLYVALVE,250MM,CI,150#,WAFER",EA,API 609,2026-09-25 07:08:16.092098+00:00,BUTTERFLYVALVE 250 MM CAST IRON 150# WAFER,EACH,VALVE,BUTTERFLY,CI,250.0,,,WAFER,,CAST IRON BUTTERFLY DN250 WAFER,VLV-BALLVALVE-SS316-DN15-CL150-00001-6,STAINLESS STEEL 316 BALL VALVE DN15 CL150 RF,ONGC|ON-00037,MAT0038
ONGC,ON-00038,"BUTTERFLYVALVE,300MM,CI,150#,WAFER",NOS,API 609,2026-09-25 07:08:16.092098+00:00,BUTTERFLYVALVE 300 MM CAST IRON 150# WAFER,EACH,VALVE,BUTTERFLY,CI,300.0,,,WAFER,,CAST IRON BUTTERFLY DN300 WAFER,VLV-BALLVALVE-SS316-DN15-CL150-00001-6,STAINLESS STEEL 316 BALL VALVE DN15 CL150 RF,ONGC|ON-00038,MAT0039
ONGC,ON-00039,"CHECKVALVE,50MM,CS,150#,RF",EA,API 594,2026-09-25 07:08:16.092098+00:00,CHECKVALVE 50 MM CARBON STEEL 150# RAISED FACE,EACH,FITTING,TEE,CS,50.0,,,RF,,CARBON STEEL TEE DN50 RF,VLV-BALLVALVE-SS316-DN15-CL150-00001-6,STAINLESS STEEL 316 BALL VALVE DN15 CL150 RF,ONGC|ON-00039,MAT0040
ONGC,ON-00040,"CHECKVALVE,80MM,CS,150#,RF",NOS,API 594,2026-09-25 07:08:16.092098+00:00,CHECKVALVE 80 MM CARBON STEEL 150# RAISED FACE,EACH,FITTING,TEE,CS,80.0,,,RF,,CARBON STEEL TEE DN80 RF,VLV-BALLVALVE-SS316-DN15-CL150-00001-6,STAINLESS STEEL 316 BALL VALVE DN15 CL150 RF,ONGC|ON-00040,MAT0041
ONGC,ON-00041,"CHECKVALVE,100MM,CS,150#,RF",EA,API 594,2026-09-25 07:08:16.092098+00:00,CHECKVALVE 100 MM CARBON STEEL 150# RAISED FACE,EACH,FITTING,TEE,CS,100.0,,,RF,,CARBON STEEL TEE DN100 RF,VLV-BALLVALVE-SS316-DN15-CL150-00001-6,STAINLESS STEEL 316 BALL VALVE DN15 CL150 RF,ONGC|ON-00041,MAT0042
ONGC,ON-00042,"SEAMLESSPIPE,50MM,CS",EA,ASTM A106 GR B,2026-09-25 07:08:16.092098+00:00,SEAMLESSPIPE 50 MM CARBON STEEL,EACH,PIPE,PIPE,CS,50.0,,,UNKNOWN,,CARBON STEEL PIPE DN50,VLV-BALLVALVE-SS316-DN15-CL150-00001-6,STAINLESS STEEL 316 BALL VALVE DN15 CL150 RF,ONGC|ON-00042,MAT0043
ONGC,ON-00043,"SEAMLESSPIPE,80MM,CS",EA,ASTM A106 GR B,2026-09-25 07:08:16.092098+00:00,SEAMLESSPIPE 80 MM CARBON STEEL,EACH,PIPE,PIPE,CS,80.0,,,UNKNOWN,,CARBON STEEL PIPE DN80,VLV-BALLVALVE-SS316-DN15-CL150-00001-6,STAINLESS STEEL 316 BALL VALVE DN15 CL150 RF,ONGC|ON-00043,MAT0044
ONGC,ON-00044,"SEAMLESSPIPE,100MM,CS",EA,ASTM A106 GR B,2026-09-25 07:08:16.092098+00:00,SEAMLESSPIPE 100 MM CARBON STEEL,EACH,PIPE,PIPE,CS,100.0,,,UNKNOWN,,CARBON STEEL PIPE DN100,VLV-BALLVALVE-SS316-DN15-CL150-00001-6,STAINLESS STEEL 316 BALL VALVE DN15 CL150 RF,ONGC|ON-00044,MAT0045
ONGC,ON-00045,"SEAMLESSPIPE,150MM,CS",EA,ASTM A106 GR B,2026-09-25 07:08:16.092098+00:00,SEAMLESSPIPE 150 MM CARBON STEEL,EACH,PIPE,PIPE,CS,150.0,,,UNKNOWN,,CARBON STEEL PIPE DN150,VLV-BALLVALVE-SS316-DN15-CL150-00001-6,STAINLESS STEEL 316 BALL VALVE DN15 CL150 RF,ONGC|ON-00045,MAT0046
ONGC,ON-00046,"SEAMLESSPIPE,200MM,CS",NOS,ASTM A106 GR B,2026-09-25 07:08:16.092098+00:00,SEAMLESSPIPE 200 MM CARBON STEEL,EACH,PIPE,PIPE,CS,200.0,,,UNKNOWN,,CARBON STEEL PIPE DN200,VLV-BALLVALVE-SS316-DN15-CL150-00001-6,STAINLESS STEEL 316 BALL VALVE DN15 CL150 RF,ONGC|ON-00046,MAT0047
ONGC,ON-00047,"SEAMLESSPIPE,250MM,CS",NOS,ASTM A106 GR B,2026-09-25 07:08:16.092098+00:00,SEAMLESSPIPE 250 MM CARBON STEEL,EACH,PIPE,PIPE,CS,250.0,,,UNKNOWN,,CARBON STEEL PIPE DN250,VLV-BALLVALVE-SS316-DN15-CL150-00001-6,STAINLESS STEEL 316 BALL VALVE DN15 CL150 RF,ONGC|ON-00047,MAT0048
ONGC,ON-00048,"SEAMLESSPIPE,300MM,CS",NOS,ASTM A106 GR B,2026-09-25 07:08:16.092098+00:00,SEAMLESSPIPE 300 MM CARBON STEEL,EACH,PIPE,PIPE,CS,300.0,,,UNKNOWN,,CARBON STEEL PIPE DN300,VLV-BALLVALVE-SS316-DN15-CL150-00001-6,STAINLESS STEEL 316 BALL VALVE DN15 CL150 RF,ONGC|ON-00048,MAT0049
ONGC,ON-00049,"SEAMLESSPIPE,25MM,SS304",NOS,ASTM A312 TP304L,2026-09-25 07:08:16.092098+00:00,SEAMLESSPIPE 25 MM STAINLESS STEEL 304,EACH,PIPE,PIPE,SS304,25.0,,,UNKNOWN,,STAINLESS STEEL 304 PIPE DN25,VLV-BALLVALVE-SS316-DN15-CL150-00001-6,STAINLESS STEEL 316 BALL VALVE DN15 CL150 RF,ONGC|ON-00049,MAT0050
ONGC,ON-00050,"SEAMLESSPIPE,50MM,SS304",NOS,ASTM A312 TP304L,2026-09-25 07:08:16.092098+00:00,SEAMLESSPIPE 50 MM STAINLESS STEEL 304,EACH,PIPE,PIPE,SS304,50.0,,,UNKNOWN,,STAINLESS STEEL 304 PIPE DN50,VLV-BALLVALVE-SS316-DN15-CL150-00001-6,STAINLESS STEEL 316 BALL VALVE DN15 CL150 RF,ONGC|ON-00050,MAT0051
ONGC,ON-00051,"SEAMLESSPIPE,80MM,SS304",NOS,ASTM A312 TP304L,2026-09-25 07:08:16.092098+00:00,SEAMLESSPIPE 80 MM STAINLESS STEEL 304,EACH,PIPE,PIPE,SS304,80.0,,,UNKNOWN,,STAINLESS STEEL 304 PIPE DN80,VLV-BALLVALVE-SS316-DN15-CL150-00001-6,STAINLESS STEEL 316 BALL VALVE DN15 CL150 RF,ONGC|ON-00051,MAT0052
ONGC,ON-00052,"SEAMLESSPIPE,100MM,SS304",NOS,ASTM A312 TP304L,2026-09-25 07:08:16.092098+00:00,SEAMLESSPIPE 100 MM STAINLESS STEEL 304,EACH,PIPE,PIPE,SS304,100.0,,,UNKNOWN,,STAINLESS STEEL 304 PIPE DN100,VLV-BALLVALVE-SS316-DN15-CL150-00001-6,STAINLESS STEEL 316 BALL VALVE DN15 CL150 RF,ONGC|ON-00052,MAT0053
ONGC,ON-00053,"SEAMLESSPIPE,150MM,SS304",NOS,ASTM A312 TP304L,2026-09-25 07:08:16.092098+00:00,SEAMLESSPIPE 150 MM STAINLESS STEEL 304,EACH,PIPE,PIPE,SS304,150.0,,,UNKNOWN,,STAINLESS STEEL 304 PIPE DN150,VLV-BALLVALVE-SS316-DN15-CL150-00001-6,STAINLESS STEEL 316 BALL VALVE DN15 CL150 RF,ONGC|ON-00053,MAT0054
ONGC,ON-00054,"WELDEDPIPE,250MM,SS304",EA,ASTM A312 TP304L,2026-09-25 07:08:16.092098+00:00,WELDEDPIPE 250 MM STAINLESS STEEL 304,EACH,PIPE,PIPE,SS304,250.0,,,UNKNOWN,,STAINLESS STEEL 304 PIPE DN250,VLV-BALLVALVE-SS316-DN15-CL150-00001-6,STAINLESS STEEL 316 BALL VALVE DN15 CL150 RF,ONGC|ON-00054,MAT0055
ONGC,ON-00055,"WELDEDPIPE,300MM,SS304",EA,ASTM A312 TP304L,2026-09-25 07:08:16.092098+00:00,WELDEDPIPE 300 MM STAINLESS STEEL 304,EACH,PIPE,PIPE,SS304,300.0,,,UNKNOWN,,STAINLESS STEEL 304 PIPE DN300,VLV-BALLVALVE-SS316-DN15-CL150-00001-6,STAINLESS STEEL 316 BALL VALVE DN15 CL150 RF,ONGC|ON-00055,MAT0056
ONGC,ON-00056,"WELDNECKFLANGE,50MM,CS,150#,RF",NOS,ASTM A105,2026-09-25 07:08:16.092098+00:00,WELDNECKFLANGE 50 MM CARBON STEEL 150# RAISED FACE,EACH,FLANGE,FLANGE,CS,50.0,,,RF,,CARBON STEEL FLANGE DN50 RF,VLV-BALLVALVE-SS316-DN15-CL150-00001-6,STAINLESS STEEL 316 BALL VALVE DN15 CL150 RF,ONGC|ON-00056,MAT0057
ONGC,ON-00057,"WELDNECKFLANGE,80MM,CS,150#,RF  ",NOS,ASTM A105,2026-09-25 07:08:16.092098+00:00,WELDNECKFLANGE 80 MM CARBON STEEL 150# RAISED FACE,EACH,FLANGE,FLANGE,CS,80.0,,,RF,,CARBON STEEL FLANGE DN80 RF,VLV-BALLVALVE-SS316-DN15-CL150-00001-6,STAINLESS STEEL 316 BALL VALVE DN15 CL150 RF,ONGC|ON-00057,MAT0058
ONGC,ON-00058,"WELDNECKFLANGE,100MM,CS,150#,RF",NOS,ASTM A105,2026-09-25 07:08:16.092098+00:00,WELDNECKFLANGE 100 MM CARBON STEEL 150# RAISED FACE,EACH,FLANGE,FLANGE,CS,100.0,,,RF,,CARBON STEEL FLANGE DN100 RF,VLV-BALLVALVE-SS316-DN15-CL150-00001-6,STAINLESS STEEL 316 BALL VALVE DN15 CL150 RF,ONGC|ON-00058,MAT0059
ONGC,ON-00059,"WELDNECKFLANGE,150MM,CS,150#,RF",NOS,ASTM A105,2026-09-25 07:08:16.092098+00:00,WELDNECKFLANGE 150 MM CARBON STEEL 150# RAISED FACE,EACH,FLANGE,FLANGE,CS,150.0,,,RF,,CARBON STEEL FLANGE DN150 RF,VLV-BALLVALVE-SS316-DN15-CL150-00001-6,STAINLESS STEEL 316 BALL VALVE DN15 CL150 RF,ONGC|ON-00059,MAT0060
ONGC,ON-00060,"WELDNECKFLANGE,200MM,CS,150#,RF",NOS,ASTM A105,2026-09-25 07:08:16.092098+00:00,WELDNECKFLANGE 200 MM CARBON STEEL 150# RAISED FACE,EACH,FLANGE,FLANGE,CS,200.0,,,RF,,CARBON STEEL FLANGE DN200 RF,VLV-BALLVALVE-SS316-DN15-CL150-00001-6,STAINLESS STEEL 316 BALL VALVE DN15 CL150 RF,ONGC|ON-00060,MAT0061
ONGC,ON-00061,"WELDNECKFLANGE,50MM,CS,300#,RF",EA,ASTM A105,2026-09-25 07:08:16.092098+00:00,WELDNECKFLANGE 50 MM CARBON STEEL 300# RAISED FACE,EACH,FLANGE,FLANGE,CS,50.0,,,RF,,CARBON STEEL FLANGE DN50 RF,VLV-BALLVALVE-SS316-DN15-CL150-00001-6,STAINLESS STEEL 316 BALL VALVE DN15 CL150 RF,ONGC|ON-00061,MAT0062
ONGC,ON-00062,"WELDNECKFLANGE,80MM,CS,300#,RF",NOS,ASTM A105,2026-09-25 07:08:16.092098+00:00,WELDNECKFLANGE 80 MM CARBON STEEL 300# RAISED FACE,EACH,FLANGE,FLANGE,CS,80.0,,,RF,,CARBON STEEL FLANGE DN80 RF,VLV-BALLVALVE-SS316-DN15-CL150-00001-6,STAINLESS STEEL 316 BALL VALVE DN15 CL150 RF,ONGC|ON-00062,MAT0063
ONGC,ON-00063,"WELDNECKFLANGE,100MM,CS,300#,RF",EA,ASTM A105,2026-09-25 07:08:16.092098+00:00,WELDNECKFLANGE 100 MM CARBON STEEL 300# RAISED FACE,EACH,FLANGE,FLANGE,CS,100.0,,,RF,,CARBON STEEL FLANGE DN100 RF,VLV-BALLVALVE-SS316-DN15-CL150-00001-6,STAINLESS STEEL 316 BALL VALVE DN15 CL150 RF,ONGC|ON-00063,MAT0064
ONGC,ON-00064,"BLINDFLANGE,50MM,SS316,150#,RTJ",EA,ASTM A182,2026-09-25 07:08:16.092098+00:00,BLINDFLANGE 50 MM STAINLESS STEEL 316 150# RING TYPE JOINT,EACH,FLANGE,FLANGE,SS316,50.0,,,RTJ,,STAINLESS STEEL 316 FLANGE DN50 RTJ,VLV-BALLVALVE-SS316-DN15-CL150-00001-6,STAINLESS STEEL 316 BALL VALVE DN15 CL150 RF,ONGC|ON-00064,MAT0065
ONGC,ON-00065,"BLINDFLANGE,50MM,SS316,300#,RTJ",NOS,ASTM A182,2026-09-25 07:08:16.092098+00:00,BLINDFLANGE 50 MM STAINLESS STEEL 316 300# RING TYPE JOINT,EACH,FLANGE,FLANGE,SS316,50.0,,,RTJ,,STAINLESS STEEL 316 FLANGE DN50 RTJ,VLV-BALLVALVE-SS316-DN15-CL150-00001-6,STAINLESS STEEL 316 BALL VALVE DN15 CL150 RF,ONGC|ON-00065,MAT0066
ONGC,ON-00066,"BLINDFLANGE,80MM,SS316,150#,RTJ",EA,ASTM A182,2026-09-25 07:08:16.092098+00:00,BLINDFLANGE 80 MM STAINLESS STEEL 316 150# RING TYPE JOINT,EACH,FLANGE,FLANGE,SS316,80.0,,,RTJ,,STAINLESS STEEL 316 FLANGE DN80 RTJ,VLV-BALLVALVE-SS316-DN15-CL150-00001-6,STAINLESS STEEL 316 BALL VALVE DN15 CL150 RF,ONGC|ON-00066,MAT0067
ONGC,ON-00067,"BLINDFLANGE,80MM,SS316,300#,RTJ",EA,ASTM A182,2026-09-25 07:08:16.092098+00:00,BLINDFLANGE 80 MM STAINLESS STEEL 316 300# RING TYPE JOINT,EACH,FLANGE,FLANGE,SS316,80.0,,,RTJ,,STAINLESS STEEL 316 FLANGE DN80 RTJ,VLV-BALLVALVE-SS316-DN15-CL150-00001-6,STAINLESS STEEL 316 BALL VALVE DN15 CL150 RF,ONGC|ON-00067,MAT0068
ONGC,ON-00068,"SPIRALWOUNDGASKET,50MM,SS316,150#",EA,ASME B16.20,2026-09-25 07:08:16.092098+00:00,SPIRALWOUNDGASKET 50 MM STAINLESS STEEL 316 150#,EACH,GASKET,GASKET,SS316,50.0,,,UNKNOWN,,STAINLESS STEEL 316 GASKET DN50,VLV-BALLVALVE-SS316-DN15-CL150-00001-6,STAINLESS STEEL 316 BALL VALVE DN15 CL150 RF,ONGC|ON-00068,MAT0069
ONGC,ON-00069,"SPIRALWOUNDGASKET,80MM,SS316,150#",EA,ASME B16.20,2026-09-25 07:08:16.092098+00:00,SPIRALWOUNDGASKET 80 MM STAINLESS STEEL 316 150#,EACH,GASKET,GASKET,SS316,80.0,,,UNKNOWN,,STAINLESS STEEL 316 GASKET DN80,VLV-BALLVALVE-SS316-DN15-CL150-00001-6,STAINLESS STEEL 316 BALL VALVE DN15 CL150 RF,ONGC|ON-00069,MAT0070
ONGC,ON-00070,"SPIRALWOUNDGASKET,100MM,SS316,150#",EA,ASME B16.20,2026-09-25 07:08:16.092098+00:00,SPIRALWOUNDGASKET 100 MM STAINLESS STEEL 316 150#,EACH,GASKET,GASKET,SS316,100.0,,,UNKNOWN,,STAINLESS STEEL 316 GASKET DN100,VLV-BALLVALVE-SS316-DN15-CL150-00001-6,STAINLESS STEEL 316 BALL VALVE DN15 CL150 RF,ONGC|ON-00070,MAT0071
ONGC,ON-00071,"SPIRALWOUNDGASKET,150MM,SS316,150#",NOS,ASME B16.20,2026-09-25 07:08:16.092098+00:00,SPIRALWOUNDGASKET 150 MM STAINLESS STEEL 316 150#,EACH,GASKET,GASKET,SS316,150.0,,,UNKNOWN,,STAINLESS STEEL 316 GASKET DN150,VLV-BALLVALVE-SS316-DN15-CL150-00001-6,STAINLESS STEEL 316 BALL VALVE DN15 CL150 RF,ONGC|ON-00071,MAT0072
ONGC,ON-00072,"SPIRALWOUNDGASKET,200MM,SS316,150#",EA,ASME B16.20,2026-09-25 07:08:16.092098+00:00,SPIRALWOUNDGASKET 200 MM STAINLESS STEEL 316 150#,EACH,GASKET,GASKET,SS316,200.0,,,UNKNOWN,,STAINLESS STEEL 316 GASKET DN200,VLV-BALLVALVE-SS316-DN15-CL150-00001-6,STAINLESS STEEL 316 BALL VALVE DN15 CL150 RF,ONGC|ON-00072,MAT0073
ONGC,ON-00073,"SPIRALWOUNDGASKET,50MM,SS316,300#  ",NOS,ASME B16.20,2026-09-25 07:08:16.092098+00:00,SPIRALWOUNDGASKET 50 MM STAINLESS STEEL 316 300#,EACH,GASKET,GASKET,SS316,50.0,,,UNKNOWN,,STAINLESS STEEL 316 GASKET DN50,VLV-BALLVALVE-SS316-DN15-CL150-00001-6,STAINLESS STEEL 316 BALL VALVE DN15 CL150 RF,ONGC|ON-00073,MAT0074
ONGC,ON-00074,"SPIRALWOUNDGASKET,80MM,SS316,300#",EA,ASME B16.20,2026-09-25 07:08:16.092098+00:00,SPIRALWOUNDGASKET 80 MM STAINLESS STEEL 316 300#,EACH,GASKET,GASKET,SS316,80.0,,,UNKNOWN,,STAINLESS STEEL 316 GASKET DN80,VLV-BALLVALVE-SS316-DN15-CL150-00001-6,STAINLESS STEEL 316 BALL VALVE DN15 CL150 RF,ONGC|ON-00074,MAT0075
ONGC,ON-00075,"SPIRALWOUNDGASKET,100MM,SS316,300#",NOS,ASME B16.20,2026-09-25 07:08:16.092098+00:00,SPIRALWOUNDGASKET 100 MM STAINLESS STEEL 316 300#,EACH,GASKET,GASKET,SS316,100.0,,,UNKNOWN,,STAINLESS STEEL 316 GASKET DN100,VLV-BALLVALVE-SS316-DN15-CL150-00001-6,STAINLESS STEEL 316 BALL VALVE DN15 CL150 RF,ONGC|ON-00075,MAT0076
ONGC,ON-00076,"SPIRALWOUNDGASKET,150MM,SS316,300#",NOS,ASME B16.20,2026-09-25 07:08:16.092098+00:00,SPIRALWOUNDGASKET 150 MM STAINLESS STEEL 316 300#,EACH,GASKET,GASKET,SS316,150.0,,,UNKNOWN,,STAINLESS STEEL 316 GASKET DN150,VLV-BALLVALVE-SS316-DN15-CL150-00001-6,STAINLESS STEEL 316 BALL VALVE DN15 CL150 RF,ONGC|ON-00076,MAT0077
ONGC,ON-00077,"RINGJOINTGASKET,25MM,SS316,150#",NOS,ASME B16.20,2026-09-25 07:08:16.092098+00:00,RINGJOINTGASKET 25 MM STAINLESS STEEL 316 150#,EACH,GASKET,GASKET,SS316,25.0,,,UNKNOWN,,STAINLESS STEEL 316 GASKET DN25,VLV-BALLVALVE-SS316-DN15-CL150-00001-6,STAINLESS STEEL 316 BALL VALVE DN15 CL150 RF,ONGC|ON-00077,MAT0078
ONGC,ON-00078,"RINGJOINTGASKET,50MM,SS316,150#",NOS,ASME B16.20,2026-09-25 07:08:16.092098+00:00,RINGJOINTGASKET 50 MM STAINLESS STEEL 316 150#,EACH,GASKET,GASKET,SS316,50.0,,,UNKNOWN,,STAINLESS STEEL 316 GASKET DN50,VLV-BALLVALVE-SS316-DN15-CL150-00001-6,STAINLESS STEEL 316 BALL VALVE DN15 CL150 RF,ONGC|ON-00078,MAT0079
ONGC,ON-00079,"RINGJOINTGASKET,80MM,SS316,150#",NOS,ASME B16.20,2026-09-25 07:08:16.092098+00:00,RINGJOINTGASKET 80 MM STAINLESS STEEL 316 150#,EACH,GASKET,GASKET,SS316,80.0,,,UNKNOWN,,STAINLESS STEEL 316 GASKET DN80,VLV-BALLVALVE-SS316-DN15-CL150-00001-6,STAINLESS STEEL 316 BALL VALVE DN15 CL150 RF,ONGC|ON-00079,MAT0080
ONGC,ON-00080,"RINGJOINTGASKET,100MM,SS316,150#",NOS,ASME B16.20,2026-09-25 07:08:16.092098+00:00,RINGJOINTGASKET 100 MM STAINLESS STEEL 316 150#,EACH,GASKET,GASKET,SS316,100.0,,,UNKNOWN,,STAINLESS STEEL 316 GASKET DN100,VLV-BALLVALVE-SS316-DN15-CL150-00001-6,STAINLESS STEEL 316 BALL VALVE DN15 CL150 RF,ONGC|ON-00080,MAT0081
ONGC,ON-00081,"ELBOW90DEG,50MM,CS,BW",EA,ASTM A234 WPB,2026-09-25 07:08:16.092098+00:00,ELBOW90DEG 50 MM CARBON STEEL BUTT WELD,EACH,FITTING,ELBOW,CS,50.0,,,BW,,CARBON STEEL ELBOW DN50 BW,VLV-BALLVALVE-SS316-DN15-CL150-00001-6,STAINLESS STEEL 316 BALL VALVE DN15 CL150 RF,ONGC|ON-00081,MAT0082
ONGC,ON-00082,"ELBOW90DEG,80MM,CS,BW",NOS,ASTM A234 WPB,2026-09-25 07:08:16.092098+00:00,ELBOW90DEG 80 MM CARBON STEEL BUTT WELD,EACH,FITTING,ELBOW,CS,80.0,,,BW,,CARBON STEEL ELBOW DN80 BW,VLV-BALLVALVE-SS316-DN15-CL150-00001-6,STAINLESS STEEL 316 BALL VALVE DN15 CL150 RF,ONGC|ON-00082,MAT0083
ONGC,ON-00083,"ELBOW90DEG,100MM,CS,BW",EA,ASTM A234 WPB,2026-09-25 07:08:16.092098+00:00,ELBOW90DEG 100 MM CARBON STEEL BUTT WELD,EACH,FITTING,ELBOW,CS,100.0,,,BW,,CARBON STEEL ELBOW DN100 BW,VLV-BALLVALVE-SS316-DN15-CL150-00001-6,STAINLESS STEEL 316 BALL VALVE DN15 CL150 RF,ONGC|ON-00083,MAT0084
ONGC,ON-00084,"ELBOW90DEG,150MM,CS,BW",EA,ASTM A234 WPB,2026-09-25 07:08:16.092098+00:00,ELBOW90DEG 150 MM CARBON STEEL BUTT WELD,EACH,FITTING,ELBOW,CS,150.0,,,BW,,CARBON STEEL ELBOW DN150 BW,VLV-BALLVALVE-SS316-DN15-CL150-00001-6,STAINLESS STEEL 316 BALL VALVE DN15 CL150 RF,ONGC|ON-00084,MAT0085
ONGC,ON-00085,"ELBOW45DEG,50MM,CS,BW",NOS,ASTM A234 WPB,2026-09-25 07:08:16.092098+00:00,ELBOW45DEG 50 MM CARBON STEEL BUTT WELD,EACH,FITTING,ELBOW,CS,50.0,,,BW,,CARBON STEEL ELBOW DN50 BW,VLV-BALLVALVE-SS316-DN15-CL150-00001-6,STAINLESS STEEL 316 BALL VALVE DN15 CL150 RF,ONGC|ON-00085,MAT0086
ONGC,ON-00086,"ELBOW45DEG,80MM,CS,BW",NOS,ASTM A234 WPB,2026-09-25 07:08:16.092098+00:00,ELBOW45DEG 80 MM CARBON STEEL BUTT WELD,EACH,FITTING,ELBOW,CS,80.0,,,BW,,CARBON STEEL ELBOW DN80 BW,VLV-BALLVALVE-SS316-DN15-CL150-00001-6,STAINLESS STEEL 316 BALL VALVE DN15 CL150 RF,ONGC|ON-00086,MAT0087
ONGC,ON-00087,"EQUALTEE,80MM,SS316,BW",NOS,ASTM A403 WP316,2026-09-25 07:08:16.092098+00:00,EQUALTEE 80 MM STAINLESS STEEL 316 BUTT WELD,EACH,FITTING,TEE,SS316,80.0,,,BW,,STAINLESS STEEL 316 TEE DN80 BW,VLV-BALLVALVE-SS316-DN15-CL150-00001-6,STAINLESS STEEL 316 BALL VALVE DN15 CL150 RF,ONGC|ON-00087,MAT0088
ONGC,ON-00088,"EQUALTEE,100MM,SS316,BW",NOS,ASTM A403 WP316,2026-09-25 07:08:16.092098+00:00,EQUALTEE 100 MM STAINLESS STEEL 316 BUTT WELD,EACH,FITTING,TEE,SS316,100.0,,,BW,,STAINLESS STEEL 316 TEE DN100 BW,VLV-BALLVALVE-SS316-DN15-CL150-00001-6,STAINLESS STEEL 316 BALL VALVE DN15 CL150 RF,ONGC|ON-00088,MAT0089
ONGC,ON-00089,"  CONCREDUCER,100MM,CS,BW",NOS,ASTM A234 WPB,2026-09-25 07:08:16.092098+00:00,CONCREDUCER 100 MM CARBON STEEL BUTT WELD,EACH,FITTING,TEE,CS,100.0,,,BW,,CARBON STEEL TEE DN100 BW,VLV-BALLVALVE-SS316-DN15-CL150-00001-6,STAINLESS STEEL 316 BALL VALVE DN15 CL150 RF,ONGC|ON-00089,MAT0091
ONGC,ON-00090,"  CONCREDUCER,150MM,CS,BW",EA,ASTM A234 WPB,2026-09-25 07:08:16.092098+00:00,CONCREDUCER 150 MM CARBON STEEL BUTT WELD,EACH,FITTING,TEE,CS,150.0,,,BW,,CARBON STEEL TEE DN150 BW,VLV-BALLVALVE-SS316-DN15-CL150-00001-6,STAINLESS STEEL 316 BALL VALVE DN15 CL150 RF,ONGC|ON-00090,MAT0092
ONGC,ON-00091,"STUDBOLT,CS,M16",NOS,ASTM A193 B7,2026-09-25 07:08:16.092098+00:00,STUDBOLT CARBON STEEL M16,EACH,FITTING,TEE,CS,,,,UNKNOWN,,CARBON STEEL TEE,VLV-BALLVALVE-SS316-DN15-CL150-00001-6,STAINLESS STEEL 316 BALL VALVE DN15 CL150 RF,ONGC|ON-00091,MAT0093
ONGC,ON-00092,"STUDBOLT,CS,M20",EA,ASTM A193 B7,2026-09-25 07:08:16.092098+00:00,STUDBOLT CARBON STEEL M20,EACH,FITTING,TEE,CS,,,,UNKNOWN,,CARBON STEEL TEE,VLV-BALLVALVE-SS316-DN15-CL150-00001-6,STAINLESS STEEL 316 BALL VALVE DN15 CL150 RF,ONGC|ON-00092,MAT0094
ONGC,ON-00093,"STUDBOLT,CS,M24",NOS,ASTM A193 B7,2026-09-25 07:08:16.092098+00:00,STUDBOLT CARBON STEEL M24,EACH,FITTING,TEE,CS,,,,UNKNOWN,,CARBON STEEL TEE,VLV-BALLVALVE-SS316-DN15-CL150-00001-6,STAINLESS STEEL 316 BALL VALVE DN15 CL150 RF,ONGC|ON-00093,MAT0095
ONGC,ON-00094,"BALLBEARING,STEEL,6205 2RS",NOS,ISO,2026-09-25 07:08:16.092098+00:00,BALLBEARING STEEL 6205 2RS,EACH,FITTING,TEE,UNKNOWN,,,,UNKNOWN,,TEE,VLV-BALLVALVE-SS316-DN15-CL150-00001-6,STAINLESS STEEL 316 BALL VALVE DN15 CL150 RF,ONGC|ON-00094,MAT0096
ONGC,ON-00095,"BALLBEARING,STEEL,6206 2RS",NOS,ISO,2026-09-25 07:08:16.092098+00:00,BALLBEARING STEEL 6206 2RS,EACH,FITTING,TEE,UNKNOWN,,,,UNKNOWN,,TEE,VLV-BALLVALVE-SS316-DN15-CL150-00001-6,STAINLESS STEEL 316 BALL VALVE DN15 CL150 RF,ONGC|ON-00095,MAT0097
ONGC,ON-00096,"BALLBEARING,STEEL,6208 2RS",NOS,ISO,2026-09-25 07:08:16.092098+00:00,BALLBEARING STEEL 6208 2RS,EACH,FITTING,TEE,UNKNOWN,,,,UNKNOWN,,TEE,VLV-BALLVALVE-SS316-DN15-CL150-00001-6,STAINLESS STEEL 316 BALL VALVE DN15 CL150 RF,ONGC|ON-00096,MAT0098
ONGC,ON-00097,"BALLBEARING,STEEL,NU205",EA,ISO,2026-09-25 07:08:16.092098+00:00,BALLBEARING STEEL NU205,EACH,FITTING,TEE,UNKNOWN,,,,UNKNOWN,,TEE,VLV-BALLVALVE-SS316-DN15-CL150-00001-6,STAINLESS STEEL 316 BALL VALVE DN15 CL150 RF,ONGC|ON-00097,MAT0099
ONGC,ON-00098,"CENTRIFUGALPUMP,CS,50 M3/HR, 30M HEAD",NOS,,2026-09-25 07:08:16.092098+00:00,CENTRIFUGALPUMP CARBON STEEL 50 M3/HR 30M HEAD,EACH,FITTING,TEE,CS,,,,UNKNOWN,,CARBON STEEL TEE,VLV-BALLVALVE-SS316-DN15-CL150-00001-6,STAINLESS STEEL 316 BALL VALVE DN15 CL150 RF,ONGC|ON-00098,MAT0101
ONGC,ON-00099,"CENTRIFUGALPUMP,SS316,50 M3/HR, 30M HEAD",EA,,2026-09-25 07:08:16.092098+00:00,CENTRIFUGALPUMP STAINLESS STEEL 316 50 M3/HR 30M HEAD,EACH,FITTING,TEE,SS316,,,,UNKNOWN,,STAINLESS STEEL 316 TEE,VLV-BALLVALVE-SS316-DN15-CL150-00001-6,STAINLESS STEEL 316 BALL VALVE DN15 CL150 RF,ONGC|ON-00099,MAT0102
ONGC,ON-00100,"INDUCTIONMOTOR,STEEL,3PH, 15KW, 415V, 1500 RPM, IE3",NOS,,2026-09-25 07:08:16.092098+00:00,INDUCTIONMOTOR STEEL 3PH 15KW 415V 1500 RPM IE3,EACH,FITTING,TEE,UNKNOWN,,,,UNKNOWN,,TEE,VLV-BALLVALVE-SS316-DN15-CL150-00001-6,STAINLESS STEEL 316 BALL VALVE DN15 CL150 RF,ONGC|ON-00100,MAT0104
ONGC,ON-00101,"PRESSURETRANSMITTER,SS316,0-100 BAR, 4-20mA, HART",NOS,,2026-09-25 07:08:16.092098+00:00,PRESSURETRANSMITTER STAINLESS STEEL 316 0-100 BAR 4-20MA HART,EACH,FITTING,TEE,SS316,,,,UNKNOWN,,STAINLESS STEEL 316 TEE,VLV-BALLVALVE-SS316-DN15-CL150-00001-6,STAINLESS STEEL 316 BALL VALVE DN15 CL150 RF,ONGC|ON-00101,MAT0105
ONGC,ON-00102,"TEMPERATURETRANSMITTER,SS316,PT100, 4-20mA",EA,,2026-09-25 07:08:16.092098+00:00,TEMPERATURETRANSMITTER STAINLESS STEEL 316 PT100 4-20MA,EACH,FITTING,TEE,SS316,,,,UNKNOWN,,STAINLESS STEEL 316 TEE,VLV-BALLVALVE-SS316-DN15-CL150-00001-6,STAINLESS STEEL 316 BALL VALVE DN15 CL150 RF,ONGC|ON-00102,MAT0106
ONGC,ON-00103,"PRESSURETRANSMITTER,SS316,0-10 BAR, 4-20mA, HART",NOS,,2026-09-25 07:08:16.092098+00:00,PRESSURETRANSMITTER STAINLESS STEEL 316 0-10 BAR 4-20MA HART,EACH,FITTING,TEE,SS316,,,,UNKNOWN,,STAINLESS STEEL 316 TEE,VLV-BALLVALVE-SS316-DN15-CL150-00001-6,STAINLESS STEEL 316 BALL VALVE DN15 CL150 RF,ONGC|ON-00103,MAT0107
ONGC,ON-00104,"  O-RING,50MM,FKM,3MM CS",EA,,2026-09-25 07:08:16.092098+00:00,O-RING 50 MM FKM 3 MM CARBON STEEL,EACH,FITTING,TEE,CS,50.0,,,UNKNOWN,,CARBON STEEL TEE DN50,VLV-BALLVALVE-SS316-DN15-CL150-00001-6,STAINLESS STEEL 316 BALL VALVE DN15 CL150 RF,ONGC|ON-00104,MAT0108
ONGC,ON-00105,"O-RING,50MM,FKM,4MM CS",NOS,,2026-09-25 07:08:16.092098+00:00,O-RING 50 MM FKM 4 MM CARBON STEEL,EACH,FITTING,TEE,CS,50.0,,,UNKNOWN,,CARBON STEEL TEE DN50,VLV-BALLVALVE-SS316-DN15-CL150-00001-6,STAINLESS STEEL 316 BALL VALVE DN15 CL150 RF,ONGC|ON-00105,MAT0109
ONGC,ON-00106,"V-BELT,SPB 2500",EA,,2026-09-25 07:08:16.092098+00:00,V-BELT SPB 2500,EACH,DRIVE,V-BELT,UNKNOWN,,,,UNKNOWN,,V-BELT,DRV-V-BELT-NA-NA-NA-00004-9,V-BELT,ONGC|ON-00106,MAT0110
ONGC,ON-00107,"V-BELT,SPB 2550",EA,,2026-09-25 07:08:16.092098+00:00,V-BELT SPB 2550,EACH,DRIVE,V-BELT,UNKNOWN,,,,UNKNOWN,,V-BELT,DRV-V-BELT-NA-NA-NA-00004-9,V-BELT,ONGC|ON-00107,MAT0111
ONGC,ON-00108,"Y-STRAINER,50MM,SS316,150#,RF,40 MESH",NOS,,2026-09-25 07:08:16.092098+00:00,Y-STRAINER 50 MM STAINLESS STEEL 316 150# RAISED FACE 40 MESH,EACH,FITTING,TEE,SS316,50.0,,,RF,,STAINLESS STEEL 316 TEE DN50 RF,VLV-BALLVALVE-SS316-DN15-CL150-00001-6,STAINLESS STEEL 316 BALL VALVE DN15 CL150 RF,ONGC|ON-00108,MAT0112
ONGC,ON-00109,"Y-STRAINER,50MM,SS316,150#,RF,80 MESH",EA,,2026-09-25 07:08:16.092098+00:00,Y-STRAINER 50 MM STAINLESS STEEL 316 150# RAISED FACE 80 MESH,EACH,FITTING,TEE,SS316,50.0,,,RF,,STAINLESS STEEL 316 TEE DN50 RF,VLV-BALLVALVE-SS316-DN15-CL150-00001-6,STAINLESS STEEL 316 BALL VALVE DN15 CL150 RF,ONGC|ON-00109,MAT0113
ONGC,ON-00110,"SAFETYRELIEFVALVE,CS,2X3 IN, SET 10 BAR",NOS,,2026-09-25 07:08:16.092098+00:00,SAFETYRELIEFVALVE CARBON STEEL 2X3 IN SET 10 BAR,EACH,FITTING,TEE,CS,76.2,,,UNKNOWN,,CARBON STEEL TEE DN76,VLV-BALLVALVE-SS316-DN15-CL150-00001-6,STAINLESS STEEL 316 BALL VALVE DN15 CL150 RF,ONGC|ON-00110,MAT0114
ONGC,ON-00111,"SAFETYRELIEFVALVE,CS,2X3 IN, SET 15 BAR",NOS,,2026-09-25 07:08:16.092098+00:00,SAFETYRELIEFVALVE CARBON STEEL 2X3 IN SET 15 BAR,EACH,FITTING,TEE,CS,76.2,,,UNKNOWN,,CARBON STEEL TEE DN76,VLV-BALLVALVE-SS316-DN15-CL150-00001-6,STAINLESS STEEL 316 BALL VALVE DN15 CL150 RF,ONGC|ON-00111,MAT0115
